1,0.26498706848389214,0,0.0
1,0.42551242264880235,2,0.01
1,0.042287931591995113,2,0.0
1,0.9024390243902439,3,0.01
1,0.04767905051235294,3,0.01
1,0.9161290322580645,3,0.01
1,0.9041095890410958,3,0.01
1,0.0011900423721511286,9,0.07
1,4.708944648936028e-05,1,0.03
1,0.17579209980419755,4,0.03
1,0.08609750771015115,17,0.52
1,2.5392199005511418e-05,6,0.07
1,0.26955107534419426,6,0.12
1,0.33756085252833656,20,0.58
1,9.033586080813351e-07,14,0.21
1,0.23846631416431777,15,0.31
1,0.9087600254278154,16,0.26
1,0.25393862282158086,15,0.35
1,0.7862215416345767,20,0.56
1,0.06918257825690949,23,1.08
1,0.9015770171493079,23,1.19
1,0.23646360542837916,24,1.19
1,0.9135802469135802,23,1.08
1,0.6580592637354443,24,1.13
1,0.3492791042865145,19,0.48000000000000004
1,0.7997976796517309,24,1.12
1,0.5780640845060685,24,1.06
1,0.9339622641509434,26,1.52
1,1.9685036982097696e-12,23,21.33
1,1.2383735154249769e-05,3,0.07
1,0.9247327469869635,3,0.07
1,0.009934442051504734,8,0.26
1,0.7334169968761266,12,0.34
1,0.0022269373603536298,10,0.2
1,0.011889979346439835,12,0.45
1,0.022865731529977472,21,1.8399999999999999
1,0.0008670042564490215,26,1.06
1,0.0002649420060055659,29,1.63
1,0.15901092706565345,23,1.6600000000000001
1,0.3399499373767452,24,0.65
1,0.035156971873734066,14,0.22
1,0.8246822033898306,18,0.5
1,0.8870593718931286,34,2.8
1,0.039060444481879404,27,1.54
1,0.7149587750294464,19,0.8500000000000001
1,0.8931764196179959,30,1.88
1,0.03113890576623644,36,2.5300000000000002
1,0.5849380861262929,26,1.0899999999999999
1,0.19434191564412504,33,2.79
1,0.6641997579113449,29,2.38
1,0.8972193686234238,33,2.4699999999999998
1,0.8437908313452838,36,2.58
1,0.7319994667658213,35,2.56
1,0.8742209865456223,33,2.81
1,0.00020732309022552392,7,0.08
1,0.00010221233164942826,2,0.02
1,0.00011291238529906404,4,0.03
1,7.469486155539633e-08,12,0.26
1,0.9060463315128138,3,0.02
1,0.005551646448468099,16,0.63
1,1.7711557922087936e-06,6,0.06
1,4.199514354703905e-14,1,0.02
1,1.6384559789531702e-05,0,0.02
1,0.24887117971915057,15,0.58
1,0.949140144094014,4,0.05
1,4.2836988338172664e-07,11,0.2
1,0.4609371520980335,2,0.02
1,0.8823434305054557,2,0.02
1,0.150105589705758,1,0.02
1,2.8345493528662057e-07,15,0.53
1,0.0001608550504186663,11,0.21000000000000002
1,0.00036579838871484376,5,0.03
1,0.003738199188904449,17,0.79
1,0.9168901638471425,0,0.02
1,0.8841797484883754,1,0.02
1,1.433758919899839e-07,22,1.49
1,0.05410607505986631,6,0.07
1,0.8730404671010497,0,0.01
1,0.006440755134647547,11,0.2
1,0.39476678229100426,7,0.1
1,1.22406071173547e-06,4,0.04
1,0.811394632367901,2,0.06
1,5.216841308979959e-05,14,0.8999999999999999
1,0.0006769624709930383,8,0.12
1,0.0006782597801978907,7,0.15000000000000002
1,2.0743683832593062e-13,11,0.28
1,0.0038150501991331275,1,0.02
1,0.019129907281978817,2,0.02
1,0.0034791128273137205,2,0.02
1,0.14340275014358994,8,0.15
1,0.12078718287436914,18,0.81
1,0.7194793171195579,5,0.05
1,0.5454425370147278,2,0.02
1,0.0058002522500711804,23,1.6800000000000002
1,8.420080578433414e-15,15,0.53
1,3.5473829164851243e-10,16,0.56
1,0.08317952180201114,4,0.03
1,0.045071036104836475,7,0.1
1,0.37977116850167597,5,0.05
1,5.021488263697303e-07,5,0.08
1,1.2500927445897462e-05,4,0.03
1,0.00034879566785432517,15,0.53
1,0.4019571927926312,14,0.44000000000000006
1,3.053095380293141e-11,5,0.03
1,0.32260330809061627,24,2.01
1,4.28681291604241e-05,14,0.45
1,0.02362051899151835,23,1.69
1,0.08419870895312939,18,0.77
1,0.013629114107583008,22,1.62
1,0.5261814030191552,3,0.02
1,0.3547655068078669,23,1.7000000000000002
1,0.21091565252785538,14,0.44000000000000006
1,0.011202599002968688,18,0.8
1,0.0632732546188436,20,1.0899999999999999
1,0.3004899045722653,24,1.9700000000000002
1,0.7020250716699843,23,1.7200000000000002
1,0.3948596153329178,12,0.26
1,0.19579555611937688,17,0.6699999999999999
1,0.8898678414096917,22,1.6600000000000001
1,0.9174311926605505,24,4.13
1,0.0003321306252436935,14,0.84
1,0.6891891891891891,24,2.3499999999999996
1,0.31103957240739105,24,2.19
1,0.03288634210876525,20,1.3
1,0.12476873265494912,15,0.5
1,0.08191165936969882,21,1.6
1,0.03630222485329828,25,3.02
1,0.6712516634576865,18,0.97
1,0.12270183133457699,13,0.36
1,0.8069765759547755,20,1.1
1,0.6504319977748864,24,2.07
1,1.2059115790455675e-05,16,0.56
1,0.03322636065998898,9,0.13
1,4.788544846888775e-08,24,1.8599999999999999
1,0.3233660384305702,25,2.26
1,0.022080702584538356,22,2.07
1,0.10280269992500209,13,0.55
1,0.005789221778725196,11,0.35
1,0.05094800506674337,20,1.37
1,0.0026217168486890466,11,0.23
1,7.173022248567207e-08,20,1.28
1,0.015004875356401296,18,1.0899999999999999
1,0.025293908086925544,22,1.45
1,0.003088803088803089,20,1.06
1,0.3693379790940767,23,1.6800000000000002
1,0.523887900454425,24,2.45
1,0.017234362193561274,20,1.12
1,0.8976744186046511,20,1.0899999999999999
1,0.7708681680649951,17,0.69
1,0.000732795027051974,9,0.14
1,2.2467360425613827e-05,8,0.12
1,0.024006923837458703,19,1.14
1,0.02793411017024389,20,1.1099999999999999
1,0.49987447593169826,10,0.21
1,0.005839472021170638,25,2.34
1,0.2219047619047619,24,2.08
1,0.0006941300338290471,11,0.24
1,0.2482637763288224,20,1.15
1,0.538550610926502,25,2.37
1,0.27146814404432135,24,2.0300000000000002
1,0.7569060773480663,19,0.99
1,0.10867995916000363,24,2.1799999999999997
1,0.6124852942375604,24,2.1900000000000004
1,0.9549180327868853,23,2.01
1,0.4537521815008726,18,0.79
1,0.8992098062997733,24,2.16
1,0.30242431774382944,23,1.7999999999999998
1,0.17416347309514776,25,2.5
1,0.03663875142748382,14,0.46
1,1.0470860694986315,23,1.69
1,0.08705879890057493,20,1.22
1,0.02020577882808692,22,1.5499999999999998
1,0.7993459769153131,25,2.7
1,2.5624600997989196e-05,23,1.8399999999999999
1,0.13135541567068598,22,1.71
1,0.8453913249683029,25,2.3
1,0.9316239316239316,24,1.98
1,0.6203966005665722,22,1.47
1,0.9752475247524752,20,1.1099999999999999
1,0.6028359872583748,24,1.97
1,0.08637659796817061,24,2.09
1,0.6304148473114415,23,1.74
1,0.5616147370891786,22,1.69
1,0.5346307956496852,17,0.78
1,0.0794030195631435,22,1.71
1,0.9552845528455285,23,1.79
1,0.2602510266179892,24,2.15
1,0.5473881653459151,24,1.9700000000000002
1,0.02510720359065068,25,2.26
1,0.47529020186654936,20,1.0899999999999999
1,0.7111563506233312,24,2.88
1,0.9712084018063457,24,4.62
1,0.2216497433738426,10,0.36
1,0.08592023337630443,22,2.91
1,0.40672737622577826,24,3.14
1,0.44260700501882355,22,3.19
1,0.26036378975859525,24,3.27
1,0.11597893175410576,24,4.41
1,0.12801435819731297,24,4.62
1,0.08557718329984541,19,2.22
1,0.5627676073194849,11,0.5800000000000001
1,0.624232591200766,11,0.36
1,0.6219512195121951,21,2.53
1,0.8682837175193746,24,3.8899999999999997
1,0.76695233676971,25,5.23
1,0.3300198955555137,25,3.74
1,0.08370618287767992,23,2.51
1,0.95346900225247,24,2.6399999999999997
1,0.4897788489487495,22,2.21
1,0.28436988016076253,23,3.04
1,0.21970382254964677,25,4.58
1,0.5320175952791325,25,4.01
1,0.009330227818743873,24,2.8200000000000003
1,0.37711327860633465,25,3.26
1,0.7262247530263108,21,2.1500000000000004
1,0.7117117117117117,23,2.85
1,0.48073974391745616,25,4.17
1,0.9097744360902256,24,3.29
1,0.4378341409525968,25,7.550000000000001
1,0.1863259871362572,24,3.3099999999999996
1,0.967479674796748,24,9.129999999999999
1,0.5757020757020757,23,7.33
1,0.89937106918239,24,4.15
1,0.7881531721713918,25,5.82
1,0.7679050231610021,25,4.07
1,0.19901477832512315,24,4.26
1,0.41379310344827586,21,3.01
1,0.7753650027404879,24,3.2199999999999998
1,0.4296100122889687,24,4.51
1,1.0646638283556749,25,3.9299999999999997
1,0.8958333333333334,23,4.42
1,1.114472437423118,25,5.52
1,0.38028238842935475,24,3.13
1,0.7105785217641404,25,4.960000000000001
1,0.9069767441860465,23,3.24
1,0.8146976498201335,25,4.49
1,0.7137097478323513,24,4.970000000000001
1,0.9153846153846154,24,5.18
1,0.5765367262640273,25,4.07
1,0.658320746454005,24,4.29
1,0.401811966944303,25,7.25
1,0.4414112610617266,24,3.76
1,0.2220039292730845,22,3.21
1,0.912,20,2.0
1,0.061951410268851835,24,4.640000000000001
1,0.8960573476702509,24,5.34
1,0.9096385542168675,24,4.220000000000001
1,0.32995559993969675,24,5.01
1,0.14086883171657527,20,1.96
1,0.6181074710126379,22,3.9
1,0.20940286387485052,24,5.449999999999999
1,0.9422380450080159,25,5.59
1,0.2845177142857775,25,10.21
1,0.5900443029784846,24,9.120000000000001
1,0.7721914693112993,25,4.59
1,0.9982831890956709,25,6.640000000000001
1,0.9274809160305344,22,2.65
1,0.9,24,4.64
1,0.20386328515713933,24,3.9099999999999997
1,0.9387368024079548,25,4.87
1,0.7149221855546786,24,3.8499999999999996
1,0.9009009009009009,24,4.03
1,0.023996762019468557,25,5.199999999999999
1,0.9152542372881356,23,2.71
1,0.8487559858580622,25,4.369999999999999
1,0.9522715861768517,22,3.27
1,0.08162216149775893,19,1.82
1,0.8582525267904615,23,4.13
1,0.5274858514084646,23,3.31
1,0.5889724917191712,25,4.43
1,0.38830394267871093,25,4.16
1,0.8911174785100286,20,2.3200000000000003
1,0.9034090909090909,24,4.59
1,0.5724769887393839,21,2.58
1,0.32391985959244574,22,2.45
1,0.11823244532545586,22,3.5300000000000002
1,0.6105610561056105,23,3.19
1,0.23767283708694026,25,5.2
1,0.6103041163972728,25,4.970000000000001
1,0.5469917402013491,23,2.4299999999999997
1,0.36046384566628836,24,5.26
1,0.9000956060868015,25,5.08
1,0.31838689519418223,24,3.67
1,0.9186046511627907,24,4.27
1,1.1701128623751913,24,3.76
1,1.0019729048923929,24,3.12
1,0.37938045471821846,25,3.87
1,0.4256525063780796,24,4.05
1,0.9272727272727272,23,2.9800000000000004
1,0.9241379310344827,24,3.34
1,0.7882173119364317,25,4.04
1,0.7265335991626576,25,2.92
1,0.7107438016528925,23,2.36
1,0.9074074074074074,23,2.26
1,1.2246345782851489,23,2.06
1,0.011073605626515869,24,2.38
1,0.3023762939083853,22,1.81
1,0.9186046511627907,22,1.75
1,0.9348659003831418,24,2.31
1,1.0868312862371128,24,2.45
1,0.47474254589437836,25,2.96
1,0.9090909090909091,23,2.4699999999999998
1,0.27890639992980815,25,3.63
1,0.9020979020979021,24,2.77
1,0.3278063420152047,16,0.44999999999999996
1,0.7659516535142106,13,0.16
1,0.7530544454500855,10,0.14
1,0.0011060648972211055,18,0.22000000000000003
1,0.18949269867879762,10,0.23
1,0.006160677244171837,12,0.12
1,0.0020760915578703644,14,0.13
1,0.8734791540810503,12,0.1
1,0.3436123348017621,18,0.33
1,0.10669226549643444,15,0.26
1,0.8724446268630496,14,0.18
1,0.9318039950062422,18,0.31
1,0.9585421412300683,16,0.39999999999999997
1,0.07738327989364198,13,0.13
1,0.9588336192109777,16,0.2
1,0.19085024553705984,17,0.23
1,0.9811435523114356,18,0.47
1,0.027917821888192022,13,0.13
1,0.9791467685450493,17,0.26
1,0.9081728071815972,18,0.26
1,0.6206870301646208,14,0.21000000000000002
1,0.063666955884354,11,0.14
1,0.49171508981309037,13,0.16
1,0.9858803271631511,18,0.44999999999999996
1,0.35889933521223727,11,0.17
1,0.01916131628156898,59,8.55
1,0.015646683197815613,59,7.02
1,0.03493385129869014,59,6.59
1,0.028248568292238468,59,6.55
1,0.0477172421935569,59,10.52
1,0.04321044794289421,59,8.36
1,0.02821378001280847,59,8.2
1,0.03890420955052622,59,9.29
1,0.04679895511862577,59,11.89
1,0.023347551701318116,59,10.16
1,0.07371639546038188,59,9.39
1,0.02774909126655734,59,10.78
1,0.03496541386862322,59,8.26
1,0.04529593523018447,59,7.07
1,0.061990951517939576,59,9.940000000000001
1,0.02111069505742881,59,9.84
1,0.052307986862210096,59,6.37
1,0.029332278969149403,59,8.62
1,0.03948034076495043,59,9.49
1,0.03596642465973323,59,7.790000000000001
1,0.0298309087852426,59,7.970000000000001
1,0.023676118888481517,59,6.449999999999999
1,0.043960265031770224,59,7.3100000000000005
1,0.03815961173595629,59,7.07
1,0.029463579551249335,59,6.4
1,0.03979614165877392,59,6.05
1,0.04394768609293174,59,8.39
1,0.07327608651171169,59,8.11
1,0.04439999886850911,59,6.36
1,0.057250223098925856,59,6.1899999999999995
1,0.04669309094221516,59,7.75
1,0.01644070317407517,59,7.11
1,0.03841813245163133,59,6.6
1,0.026983365194732815,59,6.369999999999999
1,0.022430132652897877,59,7.6899999999999995
1,0.02963966568930462,59,7.65
1,0.06987422215992081,59,6.369999999999999
1,0.03820270558621969,59,6.29
1,0.06986826477387004,59,6.18
1,0.03644293769582525,59,7.54
1,0.04261434018321223,59,7.01
1,0.051761210164019376,59,6.79
1,0.0473290116002193,59,6.04
1,0.042390116196706115,59,7.43
1,0.03292198207039512,59,6.34
1,0.04135336873112907,59,6.640000000000001
1,0.04102563109158768,59,6.18
1,0.03851284380398396,59,7.7
1,0.026367452916050537,59,6.83
1,0.08509586029989237,59,6.58
1,0.09427317099497563,59,6.57
1,0.05922816008649789,59,8.13
1,0.05975190689804586,59,7.1899999999999995
1,0.06649304794618992,59,7.01
1,0.07202051498341237,59,6.48
1,0.07040172277712244,59,7.76
1,0.10367114706090877,59,7.699999999999999
1,0.043171944322850396,59,6.86
1,0.030902130560646623,59,6.87
1,0.031162176930241613,59,7.210000000000001
1,0.09443107261048354,59,8.02
1,0.09408939240316294,59,8.09
1,0.0862316088255153,59,6.92
1,0.09447596818379743,59,6.24
1,0.08844165144553724,59,7.79
1,0.05999370164244721,59,7.28
1,0.06374655919967684,59,11.31
1,0.036913063648193224,59,9.16
1,0.09279736339019787,59,10.77
1,0.05414335793912652,59,8.64
1,0.07889931379392229,59,7.609999999999999
1,0.07543567111661596,59,9.46
1,0.09084112572242418,59,11.05
1,0.026039751530942082,59,9.52
1,0.03211761309044705,59,8.719999999999999
1,0.07551432535068531,59,10.5
1,0.0677465640018331,59,10.850000000000001
1,0.012951433509509813,73,18.49
1,0.014331714806728367,73,18.64
1,0.008279302755679854,73,17.490000000000002
1,0.015577667022816216,73,18.590000000000003
1,0.012543612099558833,73,15.799999999999999
1,0.01256358301308787,73,15.28
1,0.012517838110442986,73,16.29
1,0.019826836492865412,73,16.65
1,0.018265739198272922,73,18.86
1,0.01710204959115569,73,19.48
1,0.009059943228539985,73,19.14
1,0.018360659871733586,73,19.83
1,0.022527553995959196,73,18.9
1,0.016618704342871906,73,18.869999999999997
1,0.016586264214062518,73,17.229999999999997
1,0.009466302883369183,73,15.959999999999999
1,0.025129432685528533,73,16.91
1,0.017866330023174493,73,16.05
1,0.013253763697923358,18,0.42000000000000004
1,0.010403630570154584,18,0.36
1,0.01005833392258616,18,0.35
1,0.0066951245692131,18,0.36
1,0.010458841578648612,18,0.47000000000000003
1,0.013562317609127099,18,0.45
1,0.009044595670064971,18,0.4
1,0.00787711235288393,18,0.46
1,0.007487188820744423,18,0.41
1,0.012339189673085024,18,0.37
1,0.006500517240353804,18,0.46
1,0.00820925844978612,18,0.36
1,0.006410909265992839,18,0.44999999999999996
1,0.00854268741407493,18,0.37
1,0.010092833558386177,18,0.44
1,0.006772971410942612,18,0.41000000000000003
1,0.0062277459898196375,18,0.37
1,0.007275832454081986,18,0.45
1,0.008384321923911458,18,0.4
1,0.00588486372702446,18,0.4
1,0.010727248823015872,18,0.33999999999999997
1,0.00877398069312856,18,0.4
1,0.01036204264722737,18,0.38
1,0.0052038856171499805,18,0.36
1,0.007389627290173622,18,0.35
1,2.2158034023346386e-05,12,0.44000000000000006
1,0.002427633679056539,24,2.02
1,0.26802928628084316,12,0.29000000000000004
1,0.051219312758504554,29,2.74
1,0.849237030794522,34,4.62
1,0.39249582030156505,0,0.03
1,7.353557510420253e-05,4,0.07
1,0.250394197414065,7,0.11
1,0.9,7,0.12
1,0.9006024096385542,6,0.11
1,6.16024438846955e-07,30,23.89
1,1.1799356159101608e-10,60,7.35
1,0.00015829473849000137,80,15.240000000000002
1,0.021114995281767232,83,19.13
1,0.08794725350188384,84,19.95
1,0.24920099347399952,87,22.34
1,0.11962394640155609,4,0.03
1,0.2617012367109845,4,0.03
1,0.9612068965517241,5,0.04
1,0.020935854728758554,5,0.05
1,0.4188452619269419,3,0.03
1,0.2621996596117404,6,0.12
1,0.0001810110322035744,11,0.25
1,0.3011382947349556,12,0.25
1,0.24205685533047472,12,0.26
1,0.6858524661650407,12,0.23
1,0.0036303617840633346,7,0.11000000000000001
1,0.04053683311199103,11,0.2
1,0.3131965733256424,11,0.25
1,0.0886633723821107,8,0.21000000000000002
1,0.17082142137687595,9,0.24
1,2.0660962567666758e-06,95,480.95
1,2.129036327621791e-05,84,177.44
1,0.08871920997156021,98,481.89
1,0.05615067661756798,87,137.94
1,7.0495162993375035e-09,98,532.69
1,0.006782327810161967,96,423.2
1,0.0003197694552856582,92,466.27
1,0.010529904606039243,78,442.67
1,0.1625002600757072,76,204.7
1,0.02328500891133222,90,306.61
1,0.004246015642939986,101,630.9
1,1.0010957274152286,74,443.97
1,0.00043176339850240826,99,637.83
1,0.0006353498660562352,96,527.51
1,0.9324225039581793,104,622.9
1,0.008014219579984515,92,284.07
1,1.7773001338834497e-05,104,633.35
1,0.04512071197491123,90,626.51
1,0.08174505099001386,99,637.72
1,0.3228551810157802,104,564.37
1,1.0056858083136793,103,556.3
1,0.24414413585618527,102,594.47
1,0.21334083221672373,96,584.39
1,0.004936074171270901,101,454.58
1,0.9198975722499084,102,597.39
1,1.556459556888205e-06,45,7.1899999999999995
1,0.0003502241824397951,41,6.54
1,0.0027017016368430665,47,7.75
1,0.09252833735880378,31,3.9899999999999998
1,3.982262152329364e-07,12,0.37
1,0.0041860810443233205,28,2.42
1,1.0810679586733515e-10,35,3.6
1,0.046820174594434195,47,6.26
1,0.007636221794815731,32,3.1
1,1.1554725116192125e-06,29,1.78
1,0.30407201721613936,71,14.52
1,0.05974030238162108,71,13.81
1,0.0011523406548129991,62,10.93
1,0.036647860510117196,71,12.74
1,0.005586640731786346,61,11.81
1,0.10902047348380085,67,13.82
1,0.00548193755040754,71,14.4
1,0.012171757114270423,63,12.32
1,0.012269631912337993,66,13.46
1,0.05962132137692845,61,9.7
1,0.002013715810207521,75,16.810000000000002
1,0.008336058219605208,73,16.28
1,0.10478208179663029,77,16.95
1,0.19438263028178976,76,18.130000000000003
1,0.14736439622854006,76,18.36
1,0.3145891094051189,72,15.24
1,0.15115429167221286,73,15.13
1,0.62622595116167,77,17.09
1,0.6536631924241311,78,18.58
1,0.004585397846748355,80,19.810000000000002
1,0.08855592965799187,74,16.29
1,0.012013274202579763,79,18.74
1,0.31019837899042385,75,19.619999999999997
1,0.2796913608918061,77,19.310000000000002
1,0.23547232248842234,78,18.18
1,0.1677129194836701,76,20.16
1,0.4192909739945576,79,18.880000000000003
1,0.2864269252133658,79,19.23
1,0.40014860215648285,77,18.189999999999998
1,0.1156103703596086,77,17.939999999999998
1,0.3398602546514536,80,20.200000000000003
1,0.3210135117229479,77,19.03
1,0.08403327645990676,77,16.979999999999997
1,0.4858324065978753,80,20.240000000000002
1,0.509300468803593,80,20.27
1,0.3150531369031423,80,19.880000000000003
1,0.20988247460106033,80,20.14
1,0.14264903538878984,77,17.020000000000003
1,0.4068397750176156,77,17.060000000000002
1,0.46011318180225597,80,20.39
1,0.029681127128134012,125,950.5899999999999
1,0.0011534475545136812,124,753.54
1,1.8633862477329343e-07,131,1094.8600000000001
1,0.015077746827215513,153,1540.31
1,0.09089263669279761,157,1817.6
1,0.014123591512995087,95,341.28999999999996
1,0.011804284569504296,148,1355.82
1,0.27590441174887737,149,1462.79
1,0.012765815649061544,117,475.12
1,0.01953489744116718,156,1675.0700000000002
1,0.005129681874424246,152,1566.21
1,0.04565850665921697,158,1792.95
1,0.0399166118773558,103,763.14
1,0.0006442343057505303,134,853.93
1,9.391788115742159e-06,143,1163.75
1,0.022881616481921815,127,770.77
1,0.10073200509795278,159,1867.34
1,0.09147722479239498,135,1137.45
1,0.07590240216243294,140,1053.0
1,5.8653334830000635e-06,149,1495.15
1,0.03793590281466866,148,1426.02
1,0.046725303240713584,155,1680.4299999999998
1,0.0014442384719888192,23,0.52
1,0.03810711089317979,18,0.31
1,1.4367461291110736e-05,23,0.41
1,0.011874266180553516,24,0.52
1,0.08193410470527505,25,0.5700000000000001
1,0.02302877648861411,23,0.48
1,0.3182382959692247,26,0.63
1,0.04254333804426822,20,0.44
1,0.5975803410620686,20,0.4
1,9.545492299438508e-05,22,0.42000000000000004
1,0.0010738821705713407,18,0.31
1,0.41892941123874883,23,0.42
1,0.0009452426067850325,21,0.41000000000000003
1,0.1639922998821663,27,0.55
1,0.0004239717230017119,24,0.56
1,0.2078139975703421,26,0.52
1,2.2644089837990235e-06,29,0.71
1,0.016866973781498307,22,0.48
1,0.09073979620267941,28,0.56
1,0.036041335875004875,19,0.32999999999999996
1,6.642698500969287e-07,25,0.5900000000000001
1,0.011054765580136442,26,0.51
1,0.20787511038606327,25,0.47
1,0.13666033490440918,22,0.45
1,0.016256587239306203,19,0.33
1,0.0018060784068665457,29,0.75
1,0.15295280186175925,27,0.5800000000000001
1,0.03124442430448467,22,0.45999999999999996
1,0.001826939619242974,26,0.56
1,0.4451968231004492,21,0.35
1,0.08893848176070451,28,0.64
1,0.054251183633484044,30,0.75
1,0.10126261368172042,28,0.67
1,0.0012696656670352126,29,0.71
1,0.02682599362866018,29,0.78
1,0.00043600742180836675,24,0.5
1,0.2355711360191728,27,0.63
1,0.014306903910648988,25,0.56
1,0.18633735741911292,24,0.54
1,0.4741576114854895,27,0.5800000000000001
1,0.003089954049321545,20,0.44
1,0.1783599677864374,28,0.6900000000000001
1,0.29388337688933486,28,0.53
1,0.8667602109939218,26,0.5900000000000001
1,0.001389475032957947,28,0.64
1,0.17925439968827978,24,0.5900000000000001
1,0.04072910588248888,24,0.47
1,0.005984567680799744,28,0.63
1,0.14541803266582956,23,0.44
1,0.14365391871176003,26,0.56
1,0.00714353642331419,27,0.61
1,0.8980965063820705,23,0.48000000000000004
1,0.585132898849039,23,0.37
1,0.8980648455497372,21,0.44
1,0.4199836660075451,21,0.45
1,0.005028856225299915,24,0.49
1,0.004358213107237469,25,0.54
1,0.03668745087537917,25,0.5
1,0.8114323147924458,30,0.77
1,0.5880923690812476,23,0.35
1,0.07482771130080461,26,0.5700000000000001
1,0.08199128347355909,20,0.32
1,0.07523930652998943,26,0.66
1,0.020881496463755426,22,0.43
1,0.06740965809190101,16,0.28
1,0.0007363630933941789,26,0.54
1,0.06081701314059346,29,0.76
1,0.28382776696504763,17,0.26
1,0.0015505051521849586,28,0.71
1,0.015138420686400181,19,0.29000000000000004
1,1.247282070247036e-05,30,0.79
1,5.421027485607461e-07,25,0.62
1,0.7237215392638362,21,0.42000000000000004
1,0.08391687614754732,28,0.71
1,0.9061420758596836,21,0.43
1,0.7626213891602411,24,0.49
1,0.015269794328015684,26,0.6
1,0.0006738459237009754,27,0.64
1,0.7809296423859668,26,0.67
1,0.08444853291899695,22,0.44
1,0.000644665292187954,30,0.83
1,0.001671975825875454,23,0.48
1,0.19335220397816552,21,0.36
1,0.8773393813072767,26,0.61
1,0.0613508860690681,22,0.44
1,0.18576235169116345,14,0.21
1,0.211700813378249,25,0.61
1,0.5538822198906732,22,0.47000000000000003
1,0.042088349576297146,26,0.5700000000000001
1,7.058476143232092e-06,27,0.62
1,0.03282766337473683,30,0.81
1,6.521110057067192e-05,25,0.5700000000000001
1,0.006341298383766678,26,0.44
1,0.17873898071603497,23,0.45
1,0.0038130206406708405,24,0.52
1,0.7802357363449742,24,0.53
1,0.003027231311087473,18,0.33999999999999997
1,0.018247717733289422,29,0.72
1,0.03494556078683523,22,0.46
1,0.024107816496658836,26,0.61
1,0.4530851410096314,24,0.59
1,0.26817206307735375,27,0.59
1,0.046673487745676416,21,0.39
1,3.6915266367379433e-08,21,0.46
1,0.18653450294669183,21,0.48
1,0.19479748189218898,27,0.66
1,0.9658869077425704,18,0.4
1,0.00019589749018487988,29,0.7999999999999999
1,0.22585463210544002,23,0.57
1,0.20806273313687165,22,0.48
1,0.43424400278527253,21,0.47
1,0.05139533313397706,24,0.55
1,0.4998216196931859,26,0.5700000000000001
1,0.5632334729677878,19,0.35
1,0.025173327213760935,17,0.32999999999999996
1,0.00019824982616990926,27,0.75
1,0.06965297861725459,19,0.4
1,1.7290092394688568,23,0.54
1,0.6879938400701304,25,0.5800000000000001
1,0.0027627411666583707,25,0.6499999999999999
1,0.8554757561061974,21,0.49
1,0.09918224085615945,25,0.55
1,0.0002735075569085001,25,0.64
1,0.007993170062982701,27,0.7
1,0.029475566920706523,19,0.44
1,0.00015780166670742603,26,0.7
1,0.2613917016547296,27,0.7
1,0.46525672869130813,13,0.28
1,0.0014660101942430166,26,0.72
1,0.06371290246276358,29,0.79
1,1.249777935690176,23,0.57
1,0.004339877144754766,21,0.42
1,0.3632783682969151,21,0.37
1,0.0021259764143488503,28,0.69
1,0.002021795955533247,25,0.6
1,0.013783736382985232,23,0.61
1,0.41596543097566524,28,0.77
1,0.5647875652135927,23,0.51
1,0.3632569274546657,25,0.62
1,0.024848903313622533,16,0.21
1,0.0010133608760452206,19,0.43
1,0.06839718700064724,26,0.6699999999999999
1,0.0003375301909194897,27,0.65
1,0.41090674423314133,20,0.54
1,0.7603902935246146,28,0.71
1,0.02113267105690441,15,0.34
1,0.0005948410839576878,26,0.65
1,0.020945703691844852,23,0.45
1,0.008122157047581277,25,0.5700000000000001
1,0.9714141158613712,23,0.5
1,0.7030244677761985,22,0.39
1,0.982967020623138,19,0.45
1,0.045667024353461344,29,0.69
1,5.654450818739725e-05,18,0.30000000000000004
1,0.8350877192982457,27,0.69
1,0.3133387740297425,26,0.65
1,0.001947508196839871,29,0.83
1,0.001553663392189543,26,0.78
1,0.6055060493433352,18,0.45999999999999996
1,0.36937428773373027,30,1.06
1,1.5950695365268208,19,0.5
1,0.09894105289710363,26,0.78
1,0.8361044537993344,27,0.7899999999999999
1,6.952570518439129e-06,27,0.8
1,0.23385131517118535,22,0.44
1,0.6888890046659615,25,0.66
1,0.05196206810881161,25,0.67
1,0.011514913392065047,24,0.7200000000000001
1,0.03598569132570208,26,0.78
1,0.4006656338950603,22,0.5900000000000001
1,0.4173132042930065,18,0.55
1,0.010225682067005417,24,0.68
1,1.0018106830298763,28,0.82
1,0.902832822948866,26,0.73
1,0.0052096979671365186,26,0.67
1,0.9852261472433146,28,0.82
1,0.03288035424874045,26,0.74
1,0.19761337112732627,26,0.58
1,3.925337797828544e-06,21,0.5700000000000001
1,0.07021813120591397,22,0.5800000000000001
1,0.6657574696828439,23,0.65
1,0.16183989600577134,24,0.62
1,0.6279930343926862,26,0.71
1,0.4400270409477208,27,0.81
1,0.9292101034241214,21,0.48
1,3.119370517527433e-08,28,0.8099999999999999
1,0.2121497047057357,24,0.64
1,0.9882508533204614,6,0.11
1,0.9617590822179732,28,0.82
1,0.4319783173718365,24,0.6
1,0.6114783201314096,26,0.72
1,0.11399031049517573,22,0.63
1,0.7394293336951008,23,0.63
1,0.5600825877494838,21,0.5
1,0.3471489923478743,18,0.47
1,0.06721146564908649,24,0.86
1,1.0474506929884158,23,0.64
1,1.00004083466046,28,0.72
1,0.13824921983761268,20,0.51
1,0.0004988801975932856,29,0.84
1,0.6832035224552904,23,0.71
1,0.39426243064848365,25,0.7000000000000001
1,1.0058439793422125,27,0.78
1,0.0001724980498181598,26,0.8500000000000001
1,0.002668204519185251,22,0.5900000000000001
1,0.9948813103845415,28,0.8500000000000001
1,0.9000943315324587,29,0.9199999999999999
1,0.008212638762250275,25,0.71
1,0.00015654914965931114,28,1.1
1,0.087660058355942,28,0.95
1,0.3887725122854169,23,0.63
1,0.06285634655072653,28,1.02
1,0.7042081423026556,19,0.5599999999999999
1,0.9104101126512015,26,0.8400000000000001
1,0.18113726130208593,12,0.29
1,0.6517276106625759,14,0.34
1,0.014896423202618716,27,0.98
1,0.9152073914674353,28,0.98
1,0.004878811559866807,23,0.77
1,0.5515572865898282,22,0.73
1,0.9389802699763699,20,0.61
1,0.00168007909566699,19,0.47
1,0.6403548480020693,19,0.43000000000000005
1,0.0015899973398382102,28,0.9
1,4.121302656073597e-05,25,0.8
1,0.7716552042538287,24,0.7300000000000001
1,0.6534745523776284,25,0.8
1,0.9010911796113301,20,0.5800000000000001
1,0.9813854351687389,28,0.83
1,1.113583783188278,26,0.74
1,1.3534992350158873e-06,14,0.32
1,0.0027388356994870002,11,0.27999999999999997
1,0.6900607320703607,23,0.75
1,0.9691397412842973,26,0.77
1,0.9049295549997551,25,0.76
1,1.0097038437303087,25,0.73
1,1.8147117585150575e-05,28,0.85
1,0.3068556746133424,28,0.89
1,0.07695210403167022,26,0.75
1,0.13467807560476414,28,0.9
1,0.9894981557035085,24,0.77
1,0.1119743406025083,26,0.9099999999999999
1,0.8764944460931062,21,0.77
1,0.02761321852636151,23,0.64
1,0.3165002296130825,26,0.79
1,0.9876061353053958,29,0.97
1,0.8010423486652155,22,0.65
1,0.9906463228037272,22,0.77
1,0.007813063184112071,22,0.5800000000000001
1,0.01007474158535221,22,0.74
1,5.918484398796383e-08,34,2.54
1,0.00018940372831029542,18,1.0
1,1.4004894788820905e-13,42,3.6100000000000003
1,0.0013098722211115216,28,1.9500000000000002
1,0.00023649303134241618,23,1.18
1,0.007685964667744572,23,0.8
1,4.7445398451945373e-11,53,10.33
1,0.007482377733227293,42,4.35
1,0.08650500269076916,21,0.73
1,4.683685688741269e-05,31,1.71
1,0.0034082097448369774,70,8.43
1,0.0028794952947539,68,9.59
1,0.04427250036088866,79,10.56
1,0.00047921259733356186,71,12.969999999999999
1,5.471796932917191e-06,61,8.719999999999999
1,0.024074436421070988,57,7.3
1,0.7805629252435345,61,7.49
1,7.844675622008566e-05,81,14.59
1,0.0036971450522130193,65,6.46
1,0.004727946649399656,67,13.059999999999999
1,0.319516188036991,83,13.629999999999999
1,0.0582099574139946,73,14.64
1,0.5413609615436242,73,11.61
1,0.06334678439147194,78,11.7
1,0.022556622398393986,76,15.600000000000001
1,0.6174006859470177,79,15.27
1,0.11181645334290366,76,10.129999999999999
1,0.39853690517415374,77,12.89
1,0.2444579429612059,79,12.18
1,0.09756496429000451,71,14.07
1,0.11736688902763752,84,15.44
1,0.23862373885257038,78,12.35
1,0.4261211455181412,83,14.739999999999998
1,0.31054178616153283,79,14.58
1,0.5266481617720128,82,16.71
1,0.7207286060791261,78,14.440000000000001
1,0.22439082914858136,83,17.1
1,0.3921522358555017,75,14.14
1,0.5661126183743389,77,15.59
1,0.388621643552713,79,15.07
1,0.6361470230832735,86,17.630000000000003
1,0.32954972156313417,81,14.35
1,0.7949946134249087,82,15.5
1,0.20868148469309197,84,17.02
1,0.44245126005681346,85,17.52
1,0.8118852688945133,86,17.17
1,0.8027810627512665,83,14.84
1,0.75837416991709,82,14.49
1,0.8007856033735589,82,16.0
1,0.7820016866071283,85,16.93
1,0.0050959048227960345,108,1047.67
1,0.006813480805839788,98,722.9399999999999
1,0.18858258904118233,110,1139.24
1,0.012193932929061378,112,1228.4099999999999
1,0.002884735360000615,109,1067.59
1,0.05004210583109802,108,1085.61
1,0.003994225957511091,110,1123.66
1,0.03559778008217343,112,1224.16
1,0.16380318268037813,113,1305.6899999999998
1,0.002009715986483461,115,1412.04
1,0.02971292082203441,112,1289.79
1,3.6120978951795393e-05,111,1233.92
1,0.5650307211845388,105,997.41
1,0.0006202956232103492,111,1243.6799999999998
1,0.0018481231969392747,111,1214.8600000000001
1,0.010616887325125347,102,884.01
1,0.031801647680827654,112,1276.2
1,0.06736912510248934,108,1099.51
1,0.35691455608776435,95,782.22
1,6.888456629843668e-05,109,1081.1200000000001
1,0.003279585997658744,106,940.6099999999999
1,0.1422785052825181,114,1334.81
1,0.5634276953893294,104,963.52
1,0.051898978980407524,113,1347.44
1,0.0057501413682321196,111,1196.6200000000001
1,0.00755942075503616,107,1042.19
1,0.20694193275745346,106,1010.0699999999999
1,0.00020145514133000896,112,1227.51
1,0.020702691448657936,108,1056.66
1,0.03386926260190115,110,1167.9499999999998
1,7.723902717346763e-06,110,1202.18
1,2.0047431843706e-05,109,1060.68
1,0.022325907551263645,109,1225.6200000000001
1,0.03250519373451082,108,1115.07
1,0.8513796124315701,113,1344.88
1,0.0007878749644402295,106,979.0799999999999
1,4.275100145428504e-05,116,1435.21
1,0.0025007769403951265,113,1308.53
1,0.00041347864630683173,110,1173.3000000000002
1,6.377120215947026e-07,75,101.14
1,1.159138997652406e-09,114,379.85
1,0.0008510994004095691,126,525.0500000000001
1,4.702658570716317e-05,123,659.6600000000001
1,9.992762258835417e-07,103,344.63
1,0.07106336355323203,108,340.21
1,4.141731959611653e-07,60,73.24
1,0.017603884542416914,105,379.26
1,1.2840235714369317e-06,139,1079.67
1,4.2457147438402786e-11,107,346.18
1,0.1020482817593284,91,474.57
1,0.03644661722305323,82,242.82999999999998
1,0.0012999416652418401,65,43.72
1,0.0004109382254650875,80,196.04999999999998
1,0.00010673859412442456,77,145.95
1,1.3943798849005684e-08,80,218.86999999999998
1,5.765640814792104e-07,74,120.08
1,0.0013719808033049738,80,240.38
1,7.017084539074516e-06,69,78.59
1,0.0011721815588484664,75,212.88
1,2.7438436778538437e-07,73,95.75
1,6.680593629607642e-13,85,265.27
1,0.0004566400153773281,83,264.77
1,0.03933089780110325,43,4.99
1,0.00026922481925780714,84,322.31
1,0.013319980541262629,94,654.01
1,0.0005128297684608204,80,198.74
1,0.0005371640084402191,71,122.6
1,2.60042181063722e-05,70,159.82999999999998
1,0.010051680244548418,79,239.27
1,0.21327742725471252,56,26.150000000000002
1,0.4754300111226802,39,3.6399999999999997
1,0.0014434959031663938,79,295.15
1,5.419689999856759e-05,79,178.59
1,0.002444054235987054,90,462.65
1,2.5108232029804168e-06,83,178.65
1,0.03267463919903806,94,658.17
1,0.06540924232286319,77,132.47
1,0.006029539816696633,85,324.52
1,0.0011151668961654991,88,353.96000000000004
1,2.533747538855997e-08,74,105.32
1,1.8460409403316153e-07,89,511.05
1,0.001138819131415535,151,1109.81
1,2.398472899445688e-13,169,1290.69
1,0.02700613869911619,165,1052.27
1,0.04215100558668378,124,649.6600000000001
1,0.001389975583214757,167,1313.26
1,0.003593476258624389,136,969.48
1,3.689795382845674e-05,159,1129.13
1,0.001566183799177784,176,47591.19
1,0.0003384887272569708,169,1430.68
1,3.706377696509573e-07,150,831.5
1,0.00022225881947408646,151,750.89
1,4.599499249494475e-07,166,1490.73
1,0.0002311072548594786,177,1446.0099999999998
1,0.013300288023478294,173,1462.22
1,0.002892208874180473,175,1592.23
1,0.00021952107754505997,178,1878.56
1,5.480748430628925e-12,88,120.06
1,2.388111851471535e-06,164,1272.06
1,0.005496459466768903,164,1252.32
1,2.2063846486669575e-06,146,689.54
1,0.001577969975436252,58,11.54
1,3.716430195473832e-06,62,13.79
1,0.01504860663411021,60,12.129999999999999
1,0.0015191939565570576,61,15.05
1,0.0013732482685861844,55,9.65
1,0.001974485447928873,57,10.43
1,0.005096872786514641,39,5.45
1,0.0008495147238781557,61,11.82
1,0.00920362889336411,61,12.16
1,3.331604642902639e-07,55,10.7
1,0.033552703334872494,63,12.969999999999999
1,0.0009724408307777768,58,10.92
1,0.004691415835558414,48,8.65
1,3.706724963280232e-05,47,6.359999999999999
1,6.68616030549761e-14,60,11.11
1,9.833153747650623e-05,59,11.52
1,0.04186770480285448,55,9.07
1,0.017215992401231735,56,10.06
1,2.4555802296157506e-05,62,13.09
1,0.23123397710755625,56,12.64
1,0.6308148266259833,58,11.9
1,4.447306750081808e-05,57,9.97
1,7.381271540330187e-07,39,5.18
1,3.8649727613600944e-05,48,7.0600000000000005
1,2.3574778882900276e-06,53,8.47
1,4.6100970839105984e-07,54,8.5
1,0.00038697112044558884,65,15.04
1,7.778182245464377e-07,51,7.26
1,0.13593854177543077,59,11.9
1,0.00011264784572654165,62,13.4
1,0.5202970730159364,53,10.3
1,5.995747126531947e-06,48,5.48
1,8.827559885295207e-06,55,10.76
1,0.005263756278726256,60,11.670000000000002
1,0.08310501952724773,48,7.28
1,0.022900626138562398,56,9.620000000000001
1,8.572358817991345e-08,65,14.35
1,0.03549424778572322,34,2.04
1,2.772897717371816e-06,43,5.08
1,4.519233649322838e-08,53,9.45
1,1.805194049835606e-06,62,12.93
1,0.0029253059490944202,58,9.77
1,5.697389964231235e-08,61,13.89
1,4.520112418549949e-06,51,10.14
1,0.00015218773692421723,52,6.9399999999999995
1,5.5741327114435515e-05,58,10.89
1,5.431960569760064e-05,54,8.56
1,0.00018399856281033853,51,7.630000000000001
1,0.011731938952380014,57,10.54
1,0.044098391911409976,58,12.379999999999999
1,0.033307192080959745,63,12.69
1,1.8340681170049228e-12,34,3.52
1,4.214351858180381e-09,51,8.1
1,0.0005765777109033953,61,12.18
1,9.344805821405924e-06,54,7.629999999999999
1,0.00011111904273354608,56,12.69
1,0.00014132852291679916,57,10.61
1,2.2257634160636483e-07,61,11.39
1,2.648872482020344e-05,59,10.48
1,0.00014269858643929108,62,12.969999999999999
1,1.3302240729075205e-09,54,10.26
1,3.1151473198094898e-06,58,10.32
1,1.6227942865100324e-06,52,9.93
1,0.00022482347297839964,60,11.53
1,4.4602412956348395e-05,51,5.970000000000001
1,0.03525836299821482,57,10.79
1,0.0006062284907516514,56,9.82
1,0.02610232230157864,59,12.469999999999999
1,6.247547746166532e-07,54,7.62
1,0.00014025485398176532,57,9.780000000000001
1,3.75571609659732e-05,49,8.6
1,1.028507678971123e-05,51,9.75
1,6.459846405902491e-06,51,7.68
1,3.296596082046932e-08,61,11.98
1,7.43876407547786e-05,54,9.16
1,0.09730052866708465,57,13.71
1,0.4270421394348052,53,9.83
1,0.00027087712893492636,59,12.01
1,1.6534608212184898e-06,55,9.31
1,4.6961342127259246e-07,54,7.699999999999999
1,0.015502052177314733,60,10.91
1,6.686289237711132e-11,54,8.379999999999999
1,2.514318021360637e-05,37,4.01
1,0.00014409623755637978,61,11.75
1,0.0009580465188634618,56,9.6
1,0.0004930666261234693,54,7.710000000000001
1,0.004227306751521314,63,14.39
1,0.7082000543367971,58,9.870000000000001
1,4.40396777784535e-05,59,11.2
1,0.015983607214915433,48,5.050000000000001
1,0.00026969387942641493,60,10.28
1,0.024706945564854536,53,8.42
1,2.2647515907952775e-07,64,14.99
1,0.007245364514757067,58,9.72
1,0.05112929770937824,60,13.3
1,0.5790492539200299,52,11.08
1,0.000922186898492564,62,12.68
1,0.0013379480051323113,58,11.39
1,2.8681235080686235e-06,55,11.25
1,0.005435652603836854,52,8.68
1,2.2193495262614418e-06,52,7.43
1,0.09874482378632933,60,11.68
1,0.00023052641083316766,60,12.11
1,0.007507821412068085,58,11.120000000000001
1,2.1915274467617416e-05,57,11.92
1,0.3865181552261993,40,4.91
1,0.18745445847068165,53,13.5
1,0.005897836594499712,47,5.800000000000001
1,0.037446241455069536,47,8.48
1,0.018507475012211994,64,15.66
1,0.01129934525525244,64,14.54
1,0.24882750313736582,57,10.99
1,0.0004472895195200237,58,13.629999999999999
1,0.05773264946455344,57,9.75
1,1.0569811127980708e-08,56,8.74
1,0.003007258301172408,58,12.24
1,2.158207765586523e-07,62,14.28
1,0.03872391350408833,54,11.68
1,2.520814141167055e-06,56,9.94
1,0.000571757564942062,62,13.18
1,1.7830294151654312e-06,54,8.600000000000001
1,0.00015723736662070866,46,7.859999999999999
1,0.00014012170000562296,59,11.370000000000001
1,0.002989587474947293,58,11.08
1,0.0018256673405698527,40,4.4
1,0.0006461916751317268,61,12.21
1,0.025121513559272574,51,7.220000000000001
1,1.1568858829935218e-13,52,7.71
1,0.0011249401726390492,59,10.27
1,0.00014101210514578779,62,13.82
1,7.74774614747857e-08,53,8.32
1,6.039890343015914e-06,62,13.61
1,0.003409681458037961,62,13.49
1,0.0008652658886014397,54,8.879999999999999
1,0.043183410378608005,55,10.94
1,0.001355621393006681,63,13.59
1,0.0011179995031662452,58,9.93
1,0.002458150487626379,55,11.629999999999999
1,0.02542463134752902,53,8.09
1,5.379044497699507e-06,64,14.649999999999999
1,0.004498005617368826,54,9.81
1,4.327394106085964e-05,54,9.74
1,4.058932378323781e-05,59,13.45
1,2.034821583988763e-05,53,7.17
1,9.091675539366414e-07,55,8.58
1,0.0004773094472978732,55,8.89
1,0.005453954448440831,48,8.370000000000001
1,0.27632814355112517,53,10.02
1,0.000330295254638068,56,9.74
1,0.012658219498891607,63,15.21
1,0.16505808746323422,55,10.86
1,0.22454305836820324,58,10.39
1,0.0009295364434909046,62,14.97
1,0.00025886127705172297,47,7.58
1,0.002072847105199091,64,15.83
1,0.0008460456896479005,56,9.600000000000001
1,3.2694736179810294e-06,52,7.9799999999999995
1,0.044370205182898366,60,11.5
1,0.00048659170117479827,57,10.28
1,0.19611612576196097,55,9.59
1,0.19081686635979275,64,14.96
1,8.005500020202858e-05,49,6.24
1,0.011422070315391265,60,15.8
1,2.2391821666727153e-09,53,10.49
1,1.3944810660452098e-06,64,14.42
1,0.026426699254142236,50,7.33
1,0.003050952989228633,57,10.48
1,0.05911464208233816,55,9.32
1,2.5911455972218195e-06,60,11.64
1,5.952860430237764e-06,61,12.27
1,0.00014024040028063508,61,13.219999999999999
1,3.581048379674155e-05,54,10.27
1,0.29606241353290913,59,13.92
1,2.520376427911605e-10,60,12.1
1,0.0009417052778866413,62,14.58
1,0.6294799627092859,59,12.030000000000001
1,0.0005346871212372785,48,8.26
1,0.010407417512332715,60,11.9
1,0.001279621317498109,53,10.620000000000001
1,7.206001806263294e-05,58,11.82
1,6.057615880599829e-05,59,11.0
1,2.521716063657849e-07,48,5.18
1,0.002978534513526253,59,10.75
1,4.140538427135527e-05,56,10.46
1,3.849743386429359e-05,60,11.78
1,2.427053344156815e-08,59,10.58
1,0.0003718945269848761,63,14.59
1,0.0002315681091253921,62,13.36
1,0.21871010238574126,59,12.370000000000001
1,8.692218200561905e-05,51,6.03
1,0.03261428683678296,57,10.41
1,0.0001101351665927305,60,12.75
1,0.04369214569383601,51,8.850000000000001
1,0.00031307715277542934,58,10.11
1,0.11882495447668232,51,7.2299999999999995
1,0.014253067338902024,44,4.3100000000000005
1,0.00014217530906489163,57,13.49
1,0.005503898254865487,56,11.100000000000001
1,0.25398658652092543,60,13.2
1,1.7488888556032029e-06,61,14.690000000000001
1,0.0041396519091836,58,12.75
1,1.7759980596007173e-07,43,5.91
1,1.679886948307156e-09,60,13.77
1,1.1099433718495389e-05,61,13.04
1,0.011253769295514348,56,12.29
1,0.0030551739802024136,55,9.34
1,0.0031251283981501028,61,16.66
1,0.0026975351957384272,56,12.65
1,0.011794693097049431,56,13.38
1,0.08617353260475712,56,10.56
1,1.8728871427137337e-09,53,8.809999999999999
1,0.00015423992892436654,56,12.32
1,4.32499562040381e-06,61,15.030000000000001
1,6.704144062924411e-07,58,11.969999999999999
1,0.0005670208742025808,60,14.01
1,0.00015986092743040778,52,8.91
1,0.00265678313445767,57,10.48
1,0.007317498019485786,62,14.52
1,0.06023559586857315,47,8.74
1,0.11799523717954728,52,11.41
1,0.0003153294344323219,60,12.46
1,0.04570587668158755,57,9.81
1,0.0035020547286019593,58,12.92
1,0.003928955639174939,48,7.66
1,4.100328039321496e-05,61,13.0
1,7.883825570367966e-05,51,8.31
1,0.00869184932679203,59,12.43
1,0.000912077146778933,55,10.33
1,4.287037002209579e-06,51,7.51
1,0.6068106495857827,64,16.22
1,7.418330783146059e-05,61,14.46
1,6.908200912034722e-07,63,16.83
1,0.12202070031803854,60,14.64
1,1.9018812247312945e-09,52,9.48
1,9.087971020957295e-06,59,11.899999999999999
1,0.002246033482402163,63,17.55
1,9.151923777088822e-10,63,15.15
1,0.00809817294079511,60,13.719999999999999
1,4.771095818854341e-08,56,14.649999999999999
1,0.019494145981323867,53,9.95
1,1.1922758318345173e-07,54,11.71
1,0.05993441321548379,50,8.01
1,0.303823278113042,59,14.77
1,0.4471718546511737,53,11.760000000000002
1,3.5086115618174346e-05,58,13.35
1,1.3175308849729948e-07,61,14.33
1,0.006301547461002832,49,7.720000000000001
1,0.01885805450226986,58,14.120000000000001
1,0.0029392425536929395,54,10.620000000000001
1,0.022398826515286303,61,14.079999999999998
1,2.080017894131354e-07,59,13.41
1,0.01246786330877303,51,9.06
1,0.10972219295277746,58,12.91
1,0.09189210883639257,62,14.209999999999999
1,0.00010975496595044942,57,11.62
1,4.1305928541377155e-05,63,15.69
1,5.467048138071343e-05,61,15.74
1,0.007741713886649836,58,11.73
1,0.007615356283077141,58,11.64
1,9.235045711212231e-10,59,12.79
1,0.0007253063730153685,56,10.99
1,0.00032691573022525645,60,13.95
1,0.002387407897989206,61,12.9
1,0.00016952751609642465,49,8.56
1,0.013205666386614757,59,15.030000000000001
1,0.7584428962309566,59,12.440000000000001
1,0.0908854585230311,46,9.3
1,4.7650675950193035e-05,54,11.14
1,0.004349639163740125,59,12.03
1,0.0016453124616575543,60,13.02
1,0.001863045648528242,54,9.35
1,0.00017285061051146452,60,15.370000000000001
1,3.846925519807874e-12,53,11.36
1,0.0004851370385108399,56,14.82
1,1.4975733261908303e-10,61,12.879999999999999
1,3.2451274410518355e-08,53,10.42
1,0.004901476925202421,54,10.22
1,0.14924813514552746,57,12.38
1,7.293610711123744e-05,55,9.0
1,0.001197528077230032,52,7.98
1,2.1505283844728145e-07,61,13.739999999999998
1,0.005668453968484725,62,15.850000000000001
1,0.000908723176875645,47,5.859999999999999
1,0.06214615541298124,48,7.210000000000001
1,7.129187629598302e-05,55,8.879999999999999
1,0.005900006013391991,62,13.55
1,8.397321280562718e-05,57,11.77
1,0.022003671105666187,52,10.530000000000001
1,0.1590251126809313,56,11.469999999999999
1,6.9050684783926925e-06,57,9.600000000000001
1,3.073291362716891e-08,55,10.11
1,5.638266678005512e-08,61,15.989999999999998
1,1.960618587695941e-06,52,8.67
1,1.014379384444512e-10,43,7.11
1,9.085328214239925e-07,58,11.96
1,0.0015932754004279047,58,13.2
1,0.014606459191128567,59,11.93
1,0.00022659527541583845,56,12.899999999999999
1,0.0018151031187335033,46,11.45
1,0.011666669559093495,58,13.89
1,5.977841639266206e-07,51,9.02
1,0.976703044745281,47,10.5
1,0.014231691256253622,53,14.25
1,0.0003490946384210259,54,10.77
1,0.0007874115081384385,48,8.77
1,0.01253592483887995,46,6.319999999999999
1,0.00037445460064751326,56,15.27
1,0.6636173879248857,56,13.3
1,4.082605362136489e-12,57,12.420000000000002
1,8.109329749170644e-05,61,15.18
1,0.0030208712434010034,47,12.14
1,0.005785720183392091,63,17.43
1,2.0834295406398952e-07,52,13.79
1,0.3493381029546859,56,14.19
1,0.021112754735386263,51,8.57
1,0.030667763800396923,51,7.93
1,0.004293815224661144,59,13.469999999999999
1,0.05396263742114249,51,10.530000000000001
1,0.007944371469494563,48,6.050000000000001
1,3.1027736786051136e-09,62,16.98
1,0.00031798546189167813,43,7.91
1,1.4691631154410865e-05,59,14.14
1,5.441735775825709e-07,52,12.31
1,0.03408792339222433,64,20.01
1,1.991745067118782e-08,54,13.0
1,1.4479718556557732e-07,46,5.6899999999999995
1,6.665662212517191e-08,59,13.77
1,0.09472229469991095,59,17.64
1,0.1532277662201778,56,11.29
1,0.0002921651610502842,56,15.280000000000001
1,0.0040878126541332455,58,13.86
1,4.450657436886609e-06,57,11.04
1,0.0005377034386844793,55,11.7
1,0.0010454495239670195,54,11.3
1,0.40741272729612416,56,15.280000000000001
1,5.439255367444059e-06,55,12.88
1,0.023476482139360953,56,14.32
1,0.001119070427839767,63,16.42
1,2.1799526688377267e-12,59,13.100000000000001
1,0.052113005141715955,47,6.65
1,0.5034964686334407,39,8.64
1,0.0019319202944500277,58,16.85
1,0.013099745912292286,58,14.469999999999999
1,0.4743564228203719,61,14.309999999999999
1,0.14461750533137527,60,14.08
1,0.0007874088377561201,57,15.6
1,0.00030825088926385226,51,9.5
1,0.0015880836214986686,54,11.49
1,0.0029013249577528356,47,9.17
1,0.619778565134696,47,7.949999999999999
1,0.013750099797015476,59,13.98
1,0.207594388518474,60,14.239999999999998
1,6.289286214774863e-05,60,14.43
1,0.014298193591716907,47,10.100000000000001
1,0.003893590520275811,54,12.14
1,0.00099922252419786,57,16.35
1,0.03041894631782243,58,14.200000000000001
1,4.9113362770346134e-05,58,15.5
1,0.002724089825221658,58,16.4
1,0.06549172044251947,59,15.530000000000001
1,0.8111370000001935,44,9.87
1,0.04450242043582343,53,12.04
1,0.013166201880228384,44,8.98
1,1.8699360586563292e-05,61,14.52
1,0.0007914249588889578,50,9.219999999999999
1,0.020278772156167257,59,14.620000000000001
1,0.0015241712096575066,57,14.42
1,0.21472178436739794,57,12.98
1,9.424021548573816e-06,54,12.629999999999999
1,0.027779548051852822,62,15.01
1,0.0014964570467722307,50,8.79
1,0.010412419321401961,55,11.870000000000001
1,0.9317564777739517,50,13.72
1,0.0026767085015277853,50,11.73
1,0.0025241414080954005,58,13.89
1,9.125203648002432e-05,61,15.350000000000001
1,0.0033226615006509692,53,11.969999999999999
1,0.00013605278548409883,46,8.36
1,0.00010827794948226924,50,8.530000000000001
1,0.6180547895861884,60,18.27
1,1.0432308065193137,51,11.68
1,0.001775884321056936,61,16.11
1,0.42819748187374657,56,15.850000000000001
1,0.21136213835287593,60,13.55
1,0.012164474219734206,57,12.41
1,0.0010527298207878698,59,14.29
1,5.805766413839534e-08,54,14.4
1,0.0027634933381633663,58,13.809999999999999
1,0.05167148699995829,58,13.66
1,0.1714160322405194,60,16.759999999999998
1,0.13396918972796576,54,11.55
1,0.016057723151422405,58,13.870000000000001
1,0.585446343306523,48,10.91
1,0.0012019007193898874,59,13.18
1,8.791263607657523e-07,58,12.19
1,0.06980282284996858,60,15.48
1,0.05986374983169064,58,15.79
1,0.11653748486597136,59,13.219999999999999
1,0.0011211129057138462,62,17.11
1,9.595537956200969e-09,62,20.5
1,1.422856929230415e-15,54,9.0
1,1.541469446144245e-06,56,12.42
1,0.052639759733515784,55,12.98
1,0.0009354116863852478,54,10.920000000000002
1,5.624772633904472e-06,48,6.9
1,0.017136638179422948,60,11.440000000000001
1,0.0002717582589933208,59,13.719999999999999
1,0.0006786956068081409,47,6.51
1,0.001340297405390779,45,5.79
1,3.569012878213416e-10,59,11.17
1,1.198821668480289e-10,53,9.98
1,0.00018931179321628815,53,9.06
1,0.006395632618377924,60,13.05
1,0.013231124843392113,61,14.0
1,0.0016037618973988473,56,14.39
1,3.302702987752884e-08,51,8.43
1,0.008643016756190287,55,10.61
1,0.0030282399800813844,55,11.43
1,5.319361314427929e-08,52,6.36
1,0.006049479986928116,38,3.5900000000000003
1,0.0001589886852427591,61,12.95
1,0.00012873791332214613,51,9.89
1,0.011772703522665956,59,12.899999999999999
1,1.967563774169911e-06,59,12.52
1,9.762975078689686e-06,58,11.600000000000001
1,0.42182231542036186,59,15.239999999999998
1,4.877900670457358e-07,64,17.810000000000002
1,0.028848422465134926,56,10.35
1,0.09447057034282386,62,14.5
1,3.851548577456787e-10,57,12.01
1,5.424600776044632e-06,62,15.25
1,1.736858615083376e-05,55,9.9
1,0.9481507348009439,62,16.79
1,4.738151000393912e-08,49,9.350000000000001
1,1.0008879968352673e-05,59,17.02
1,0.0007758681818587391,43,6.029999999999999
1,0.001439235561912216,60,15.379999999999999
1,0.1395216498647831,53,11.34
1,0.0001621051736131369,56,11.86
1,0.14945589181190033,63,16.509999999999998
1,0.001091996045255397,63,17.759999999999998
1,2.0446132536842217e-09,60,12.690000000000001
1,0.0024992242105951507,58,12.81
1,0.04545603725395201,62,18.03
1,0.32935768821716954,52,15.57
1,0.0001835685652740021,58,13.879999999999999
1,4.680585108537615e-11,60,21.01
1,0.0007839397345121642,53,10.99
1,0.10229159420328865,57,14.43
1,0.09104080762067382,55,12.51
1,6.23617276806797e-05,60,18.52
1,1.84422075512054e-15,55,12.32
1,0.007932042493972152,48,14.26
1,0.00014824478979239014,52,9.98
1,0.00020303053784932496,48,8.24
1,0.0006382142236167889,60,12.32
1,0.0006485874678446734,62,13.52
1,0.014328395904263913,58,11.190000000000001
1,0.0007338667399344331,55,11.0
1,0.00011194474589460285,42,5.35
1,7.223757450739567e-05,54,8.72
1,0.006133367098917616,64,14.97
1,0.02646561958551237,54,8.69
1,0.02466645420775722,45,7.629999999999999
1,4.1118861525223754e-08,61,14.22
1,0.0037420581433786934,52,7.65
1,0.010597012135867124,38,4.37
1,5.393790473143221e-05,41,5.37
1,0.017329808054643642,48,7.17
1,0.2202010781370231,49,8.5
1,0.0002598734709028539,57,11.43
1,0.002424769195964787,62,14.83
1,0.0021469669731516063,59,11.96
1,1.4567731342975847e-05,61,14.53
1,9.816189320866023e-05,51,10.48
1,0.9301023106544246,57,13.96
1,0.09648318911378155,60,17.77
1,0.00024682150358626496,60,13.77
1,0.00591514375009515,56,11.969999999999999
1,0.052709653995123576,60,12.67
1,7.334396314907049e-08,61,15.6
1,1.575909165471796e-08,59,13.06
1,0.00011801770686299276,63,15.59
1,0.000459002915080089,63,16.22
1,0.19888422582879503,64,20.03
1,0.0010816812644462326,54,10.9
1,1.3352360287261962e-13,56,11.64
1,0.00042055883851229743,61,15.63
1,0.0001901468595055473,58,13.69
1,0.00014480527993229335,53,9.2
1,0.9632145030400326,59,15.59
1,0.001318313190941518,56,13.61
1,0.17126664987265558,49,12.87
1,3.424892168280388e-05,57,13.5
1,0.046942739684450306,55,12.969999999999999
1,2.215518571429975e-05,60,15.48
1,2.9085725219765534e-05,56,16.81
1,4.1258842137702644e-08,61,17.08
1,5.875880236754084e-05,50,15.11
1,0.1298314050280138,56,17.37
1,2.765932177606501e-08,62,20.46
1,0.028762622225966983,55,14.829999999999998
1,0.35377602920268714,40,4.94
1,2.7670819323088547e-06,61,17.8
1,0.00030634898994955735,59,11.6
1,0.00025254388664908476,59,10.99
1,0.00042462516732783175,59,9.93
1,0.0005726389474183431,59,11.879999999999999
1,0.0003090980662695971,59,10.42
1,0.0025500290547834834,59,12.27
1,0.003126939664988877,59,11.17
1,0.0009251408053226867,59,9.4
1,0.0007973665567062968,59,9.11
1,0.0002630155607865911,59,9.04
1,0.0005176230469813903,59,10.469999999999999
1,0.0057093648488753725,59,10.29
1,0.0006923396085169761,59,10.45
1,0.00034955200900263825,59,10.16
1,0.009069372936680033,59,10.42
1,0.0006911783629647781,59,12.15
1,0.026702172944010012,59,12.330000000000002
1,0.02363746181107386,59,11.46
1,0.022965588392804232,59,11.55
1,0.028809474745567484,59,11.51
1,0.06648856692610415,59,13.21
1,0.0007324983707967996,59,12.040000000000001
1,0.06891608419126953,59,12.56
1,0.0018802503367084322,59,13.080000000000002
1,0.1209759124128203,59,12.690000000000001
1,0.0005948981522447195,59,8.8
1,0.00022509304979536393,59,8.89
1,0.0002801401096776642,59,8.86
1,0.00041819457068795044,59,8.68
1,0.0006430277148672703,59,8.65
1,9.519446479426347e-05,59,8.97
1,0.0002535980222079004,59,9.28
1,0.00011597458787786123,59,8.600000000000001
1,0.0004250874794836375,59,8.530000000000001
1,0.00030530056004441443,59,8.65
1,0.0023286759180437175,59,9.08
1,0.00018644395378716297,59,9.379999999999999
1,0.0010249480566652909,59,9.33
1,0.0015837074179787488,59,8.99
1,0.0010763417467287602,59,9.29
1,0.0013110057909421192,59,8.99
1,0.0010561086830801303,59,9.24
1,0.0025350972037469096,59,9.620000000000001
1,0.000781546298602455,59,9.24
1,0.0028327043630214173,59,9.04
1,0.006403418481576411,59,9.76
1,0.001988925010519422,59,10.19
1,0.0023280384908981916,59,10.33
1,0.0017489198461296848,59,9.8
1,0.012066282297749325,59,10.07
1,0.007056727468545846,59,9.94
1,0.008104513676572016,59,10.32
1,0.005209948420221427,59,10.219999999999999
1,0.006967071166452256,59,10.22
1,0.0060743345359660795,59,10.42
1,0.02791082844376836,59,11.59
1,0.000484319800142051,59,11.52
1,0.0012670774978737276,59,10.72
1,0.02640922058710442,59,11.25
1,0.05780032171026517,59,11.96
1,0.029569388999361294,59,12.46
1,0.031066249760997804,59,11.77
1,0.027226350667364837,59,11.73
1,0.057099633593890545,59,11.5
1,0.025182252679533473,59,12.0
1,0.06922479472276215,59,12.620000000000001
1,0.0671780825653626,59,12.540000000000001
1,0.06753884112030349,59,12.780000000000001
1,0.0021609993287313445,59,12.6
1,0.00087993744016685,59,13.31
1,0.05678134896011756,59,12.84
1,0.0010548937874168135,59,12.040000000000001
1,0.001006370217048223,59,11.98
1,0.0011136298263223312,59,11.540000000000001
1,0.0002579244669268925,59,12.51
1,3.8468209240290435e-12,45,4.18
1,9.681623850609031e-05,58,8.81
1,5.642011659425669e-08,31,1.6400000000000001
1,2.2558571371911715e-08,44,5.62
1,2.9255543655278926e-09,43,3.76
1,3.3275341430424637e-10,39,3.05
1,0.02649691404695633,49,6.449999999999999
1,0.0002871285903573405,27,2.55
1,0.0329717522251289,50,10.02
1,8.46793333135191e-08,46,6.3100000000000005
1,8.885756677639793e-05,28,1.8
1,0.005212559407603232,16,0.63
1,4.3612716542659115e-06,47,6.93
1,0.0006482449026978625,57,8.74
1,1.1499916497410703e-08,31,3.53
1,4.8331343353695047e-05,50,6.92
1,0.0006180935080952392,32,2.96
1,0.0002087049266804946,47,5.87
1,8.838340169357733e-13,53,7.57
1,3.172420946455644e-11,53,8.82
1,0.00028336439535398694,54,6.779999999999999
1,0.027212356407280733,64,12.3
1,0.15976454392877878,64,12.739999999999998
1,0.015518689913878598,63,12.440000000000001
1,0.258790960918467,61,10.149999999999999
1,1.746316534563155e-05,61,10.84
1,0.021249262940021153,55,7.859999999999999
1,2.117141425035663e-06,61,10.780000000000001
1,0.0022538012589952265,62,9.780000000000001
1,0.0034640093278049565,46,4.05
1,0.011140755151057252,63,12.219999999999999
1,0.00011765694440330325,61,10.13
1,0.00543595724389661,64,12.36
1,0.002368854530209729,64,11.8
1,0.0005294196215240234,63,12.3
1,0.000733699797391173,61,9.030000000000001
1,7.34909535751103e-05,65,12.57
1,0.04543263743443262,60,10.25
1,0.04244541918193601,63,11.09
1,0.0057875821911650095,59,8.56
1,0.0012996400332982477,65,12.33
1,0.3000705426465508,63,12.04
1,0.0027842668393490175,61,10.57
1,0.020028789107707588,61,9.59
1,0.391135874598627,64,12.69
1,0.03800277001511655,60,9.71
1,0.002946973417169005,62,10.32
1,0.026382550672995286,61,10.25
1,0.18924320929829747,64,11.68
1,0.37718525757443216,65,12.19
1,0.2008844278772163,63,11.079999999999998
1,0.16267135924308632,65,12.29
1,0.1749886061733718,63,11.23
1,0.04105095725086781,63,10.8
1,0.027985978310931907,63,11.82
1,0.006518655156333575,59,9.370000000000001
1,0.05349547992707859,61,9.89
1,0.0386111145064369,62,10.86
1,0.12563658514667705,65,12.379999999999999
1,0.24912392412709838,65,12.24
1,0.08731927755138204,62,10.65
1,0.05416628622422763,65,12.64
1,0.14146864577421442,62,10.77
1,0.01245894634191525,63,10.690000000000001
1,0.7667031195016997,62,11.309999999999999
1,0.0009842149878136418,65,12.24
1,0.028058937527791886,65,12.190000000000001
1,0.3356660765761083,63,11.08
1,0.03309186318829317,65,12.07
1,0.07974795143288062,65,12.690000000000001
1,0.14656024286457553,65,12.25
1,0.39211616273824684,65,11.93
1,0.26341539915827783,65,11.940000000000001
1,0.4642887337803989,64,11.73
1,0.1720389248062177,63,10.5
1,0.2612003254622678,64,11.25
1,0.31819438101277575,65,12.15
1,0.16365783441027984,65,11.99
1,0.2929448883670051,64,12.19
1,0.17878302131470253,65,12.14
1,0.1931412231386163,64,12.52
1,0.4530348147134885,65,12.309999999999999
1,0.12758365711473982,65,12.33
1,0.4881536864815022,65,12.260000000000002
1,0.4767408098668461,63,10.58
1,0.6116264604348463,65,12.63
1,0.2123456786945568,64,11.88
1,0.2547689113850544,64,11.99
1,0.36552484024334914,65,12.530000000000001
1,0.40095912442589743,65,12.65
1,0.28696431015442114,64,12.370000000000001
1,0.456840993266714,63,11.14
1,0.662567270765999,65,12.95
1,0.37678756214910974,64,12.690000000000001
1,0.4829912073416878,65,12.45
1,0.26363806712276744,62,10.26
1,0.5295441086249042,65,12.600000000000001
1,0.4372766647556195,65,12.84
1,0.05045357508850596,64,12.34
1,0.3036089194706893,62,11.17
1,0.00801334563115486,11,0.3
1,0.00011387631286213428,32,3.4799999999999995
1,3.902071653721163e-09,39,3.43
1,8.305994085024963e-11,49,6.12
1,0.12665153636431034,36,2.8600000000000003
1,1.5298866665291456e-09,41,3.42
1,6.423572306150889e-09,41,2.82
1,0.0020210896027283154,49,5.14
1,3.553431981551061e-05,46,6.51
1,0.00940043411238394,36,3.23
1,0.016561352153101436,32,3.36
1,6.222243811294757e-06,53,7.8
1,1.29964375537817e-08,54,7.77
1,6.856533765278285e-11,45,7.14
1,1.3982046766318835e-07,20,0.96
1,0.0006750873037511861,58,10.91
1,4.425533046387798e-05,49,5.85
1,5.885514422612721e-08,57,10.25
1,1.5836719008686393e-05,33,4.82
1,8.5929714787289e-05,42,4.77
1,1.0652142091099964e-07,30,2.49
1,3.971504484327306e-11,42,6.75
1,8.953048332703025e-05,52,6.220000000000001
1,8.219305463586419e-13,52,7.17
1,9.654220311033362e-07,50,7.02
1,1.4829976587629175e-10,40,2.7800000000000002
1,8.606153649134747e-14,50,5.33
1,0.0038985230323795627,48,8.18
1,0.0003816128792253732,30,1.71
1,9.629152696337365e-09,49,8.870000000000001
1,0.003581588737968765,58,9.18
1,9.290957203075786e-05,58,9.489999999999998
1,3.9335091141619495e-08,60,9.129999999999999
1,9.479045972153054e-08,39,3.2199999999999998
1,4.710781470713116e-10,40,4.2
1,2.868450887599825e-10,31,1.22
1,0.0003596547172196196,51,6.6899999999999995
1,4.275865665618695e-06,49,4.42
1,1.73583818124716e-12,36,2.31
1,1.7515912591789446e-14,51,5.49
1,0.17199080453549034,34,3.43
1,5.869467074495025e-10,41,3.44
1,8.581281853536329e-06,49,6.57
1,0.00010541632316661984,45,5.23
1,5.413296804731853e-09,34,2.48
1,5.1359051339996945e-05,43,4.29
1,0.7649318203228122,30,3.37
1,0.0007885320615885887,45,3.5999999999999996
1,1.997799768592975e-10,39,3.84
1,1.4824176077935536e-10,44,5.15
1,0.3393514603812064,62,10.92
1,0.0827161510222242,64,13.06
1,0.027184559091044624,54,7.93
1,0.0002030312765671706,60,9.14
1,0.0358327176886981,61,11.17
1,0.0021323199074829036,47,4.890000000000001
1,0.007471555121031147,59,10.23
1,0.0014086565020311333,62,11.15
1,0.00018320400815013952,57,8.6
1,0.0615270170218607,60,9.61
1,0.029328611533855273,65,12.41
1,0.006244880203192333,58,8.71
1,0.059329542854882504,59,10.45
1,0.027879115742107476,64,13.07
1,0.01483589137268048,63,11.530000000000001
1,0.0021425774992932466,57,7.48
1,0.2679595790287562,56,10.28
1,0.25928968386775036,63,13.280000000000001
1,0.09878589421299455,61,10.97
1,0.0008960934758104914,64,12.59
1,0.22507722647396733,65,12.74
1,0.0864659680593727,65,12.850000000000001
1,0.0014940081661735936,61,9.91
1,0.0056810136151299005,59,10.64
1,0.007243674440659216,63,11.03
1,0.01743279334560221,59,10.850000000000001
1,2.6604956793991097e-08,49,4.25
1,0.0006440024071851014,60,9.9
1,0.015026051931386309,62,10.99
1,0.3841536187015664,62,10.559999999999999
1,0.005078642505765794,59,9.1
1,0.00047819232345367547,60,9.93
1,0.00448324335190548,62,11.19
1,0.6676897953406876,56,9.44
1,0.0008955827189381151,60,8.86
1,2.225863188782553e-09,64,12.370000000000001
1,0.012315639497675153,61,10.8
1,0.007494473157363219,64,12.09
1,0.005216679828250519,63,11.92
1,0.0001144074936959536,62,10.969999999999999
1,0.057508463375635435,60,9.46
1,0.17804978738269128,61,10.02
1,5.071715761616346e-05,64,12.01
1,0.0004739590134019063,56,7.75
1,0.1563333471359252,63,12.44
1,0.008278786091286391,60,9.6
1,0.6770919243413825,62,11.09
1,0.2600976236782237,64,11.9
1,0.037544511094487046,64,11.77
1,0.007125198700790678,61,9.19
1,0.22681851340651613,64,12.6
1,0.24555080105045685,65,12.58
1,0.2910699485488122,65,12.64
1,0.12935469892293452,65,12.2
1,0.7115316468743716,65,12.75
1,0.08459313435183138,63,10.83
1,0.002785276447417591,61,10.469999999999999
1,0.39867233203556857,64,12.46
1,0.6325163090705617,63,10.82
1,0.16952403016927267,62,10.03
1,5.720481628206948e-06,60,8.72
1,0.4954081502619555,64,13.1
1,0.35401689098722705,64,12.620000000000001
1,0.16815674401955283,65,12.1
1,0.33924614614750603,65,12.93
1,0.00029636366416246554,62,12.68
1,0.1211333918506707,64,12.32
1,0.004986186342918463,61,10.17
1,0.33888038262110876,62,11.280000000000001
1,0.5608325578774298,63,12.02
1,0.1642103817193274,63,10.879999999999999
1,0.0028306547896054766,65,13.09
1,0.09071646809942371,63,11.31
1,0.02269288490369311,59,9.59
1,0.5593154375394436,63,11.33
1,0.0020451602688017333,65,12.74
1,0.4177429530858319,62,11.45
1,0.008381019240632923,61,9.879999999999999
1,0.1662613640069822,65,13.0
1,0.35945941032677986,62,11.09
1,0.17065681944128147,63,11.01
1,0.0002429922247698087,62,10.129999999999999
1,0.014312982110386781,62,10.780000000000001
1,0.03168836632193866,64,12.0
1,0.28281583169636887,62,11.07
1,0.02155329386240308,63,11.94
1,0.49692212937933183,63,11.370000000000001
1,0.029849270532382156,64,12.309999999999999
1,0.040868619758447425,62,10.64
1,0.845587551281113,62,11.23
1,0.7286483369712395,65,12.92
1,0.20478435279696827,65,12.54
1,0.21297304788839658,63,10.850000000000001
1,0.10217793123689237,62,10.3
1,0.45471073016738894,64,11.74
1,0.1423910990520575,62,10.86
1,0.09681955317228505,64,12.14
1,0.1524333957292284,63,11.18
1,0.06191705733674135,61,10.379999999999999
1,0.008125178777150058,64,11.79
1,0.4758247943639169,65,12.68
1,0.4115340096052646,65,12.19
1,0.43372739066676796,63,10.989999999999998
1,0.1584128437728586,65,13.1
1,0.07457536153691942,65,12.92
1,0.44939076244062826,65,12.6
1,0.35739918359649664,64,12.120000000000001
1,0.2996883091422817,65,12.55
1,0.4589014866519548,65,12.51
1,0.06005211426147089,63,10.71
1,0.13291865993831797,64,12.4
1,0.6426166953508096,64,12.239999999999998
1,0.4616593604472675,65,12.51
1,0.027134717328962565,64,12.620000000000001
1,0.09465154821481755,65,12.48
1,0.15435676155499195,64,12.8
1,0.03595076843639697,64,12.18
1,0.3427398750772746,65,12.76
1,0.2774212430760134,62,11.18
1,0.2785701802076468,64,12.16
1,0.010479373620648534,61,10.309999999999999
1,0.2411714426129607,63,11.670000000000002
1,0.7281161787304906,64,12.77
1,0.3550265329840298,65,12.54
1,1.0710199428557226,63,11.780000000000001
1,0.005593816012846933,65,13.14
1,0.6779288244035669,65,13.059999999999999
1,0.3010775532704081,65,12.75
1,0.42154700536557105,63,10.99
1,0.22855941693859716,64,12.73
1,0.4854137342526359,65,13.04
1,0.1980490006653459,64,12.629999999999999
1,0.5350506408087797,65,12.24
1,0.6993494114278331,63,11.26
1,0.3530080769507598,63,11.35
1,0.161402593118578,62,10.379999999999999
1,0.23399022560370888,62,10.71
1,0.18171568811698438,62,10.64
1,0.1280776638884832,65,12.96
1,0.693891563716927,64,12.16
1,0.37094535157312264,65,12.42
1,0.0972999592398147,62,10.43
1,0.17857547521056846,62,10.58
1,0.029576993877431627,62,10.29
1,0.1925677041965824,65,12.82
1,0.3532806680585411,64,12.95
1,0.05377258877094547,63,12.49
1,0.45000771605313794,63,11.899999999999999
1,0.06522635999880592,65,12.27
1,0.17543244128280727,63,11.09
1,0.3048125214574416,64,12.030000000000001
1,0.17598742381639462,65,12.48
1,0.46026446623346956,64,11.719999999999999
1,0.38623289761817203,64,12.399999999999999
1,0.08216235553482466,64,12.59
1,0.23255596094225772,63,11.6
1,0.27887461589548795,65,13.33
1,0.28665006820764694,63,11.45
1,0.3403363220165084,64,12.120000000000001
1,0.1797008440998138,64,13.010000000000002
1,0.41477843315960883,65,12.68
1,0.4746106238087805,65,13.68
1,0.6145609003138938,65,12.52
1,0.2766418461749578,63,10.55
1,0.4285230271315644,65,12.94
1,0.5725990546273886,64,11.98
1,0.37823035709850844,64,11.65
1,0.439626058323439,64,12.71
1,0.25385777128254705,65,12.899999999999999
1,0.09175386024924566,65,13.35
1,0.4015084924623491,62,10.4
1,0.28434159903835304,62,11.39
1,0.32614036481761505,63,11.21
1,0.42889852531949824,63,10.850000000000001
1,0.4225002690924778,65,13.5
1,0.5119446678640593,65,13.68
1,0.49139259825767323,65,13.61
1,0.5961234617135697,63,11.58
1,0.7320080089721054,63,11.93
1,0.5726215787044757,65,12.629999999999999
1,0.6405331770064413,65,13.969999999999999
1,0.6160346316272403,64,12.120000000000001
1,0.5518202418646498,64,14.43
1,0.5509433596816706,65,12.649999999999999
1,0.6019899489455556,65,12.46
1,0.4033981527496546,65,12.7
1,0.25354705636794955,65,12.98
1,0.17074628027009658,65,12.66
1,0.21666604948063584,61,10.84
1,0.0999288538160559,65,12.379999999999999
1,0.454116329556714,62,10.4
1,0.3786004513926779,62,11.309999999999999
1,0.4301197018628092,64,11.79
1,0.6505229020438555,62,11.07
1,0.04018736167178532,65,12.01
1,0.26467042007807534,64,12.09
1,0.3643390562885624,65,13.09
1,0.42596360055589,65,13.11
1,0.5029985052778472,64,11.6
1,0.2716732227948644,65,12.34
1,0.01458419967067118,45,71.63
1,2.5492728797157805e-05,35,6.869999999999999
1,0.00016976801805367432,63,232.73999999999998
1,0.6920825288932811,55,126.96
1,4.042526785046879e-11,84,398.0
1,0.6853699878643832,61,166.55
1,0.1178467703582025,70,453.16999999999996
1,1.3841073506777468e-08,66,121.97
1,5.829753686122335e-12,50,80.28999999999999
1,7.829297300270406e-09,57,45.19
1,1.0297770064982703e-09,54,45.14
1,1.0121183550142741e-07,73,251.35
1,0.0018025832695803077,74,375.4
1,2.4776735170042034e-06,29,1.9
1,4.363071574060891e-09,77,268.4
1,2.5117025877633568e-08,48,34.8
1,9.415265547677511e-15,72,220.15
1,3.3345950999459125e-09,78,547.19
1,3.309650627278316e-11,73,234.73
1,6.119939435492741e-05,38,11.68
1,0.007749414344704822,40,17.060000000000002
1,1.847377278279278e-08,41,3.29
1,0.18416835623675681,41,2.23
1,3.6870171928427516e-07,60,27.71
1,1.269703646951242e-05,71,52.510000000000005
1,0.00010881426937878437,59,22.61
1,0.09944629710696987,80,141.29
1,4.343278630453072e-16,88,172.76999999999998
1,7.303957405454936e-13,54,32.129999999999995
1,0.000324113525166315,62,97.94999999999999
1,0.003420870196921879,72,51.69
1,3.961164805988056e-06,67,49.980000000000004
1,0.01144121857692815,73,105.85
1,0.0025238080519299727,48,3.94
1,7.583152529831525e-07,66,75.74000000000001
1,0.0002001293169464213,44,3.1799999999999997
1,0.03225672078013594,45,3.02
1,3.986938678137623e-06,66,152.84
1,0.10242946604142608,49,11.98
1,0.0024491067848874865,18,0.59
1,0.0006567763769410605,21,0.8
1,0.002661532205617374,73,97.77
1,2.1384520712473864e-09,67,20.4
1,2.027956189942182e-08,71,67.62
1,4.114770719490957e-08,40,4.51
1,1.1375578631598648e-09,27,1.8599999999999999
1,0.029972165032460345,50,15.58
1,5.8824566627349185e-06,28,2.85
1,0.000514146163153198,57,35.089999999999996
1,0.0005358761283817561,63,50.879999999999995
1,4.904959289304425e-06,46,5.49
1,7.135465732502964e-10,36,7.5600000000000005
1,1.0454551836787248e-07,38,5.18
1,3.128998095044506e-08,71,35.5
1,3.102740694260787e-05,81,154.99
1,8.675381814434714e-05,69,51.59
1,0.5361949032571428,51,35.31
1,0.13351303592636352,44,5.3100000000000005
1,8.667973434416835e-07,34,2.71
1,0.0017291549451109675,54,15.67
1,6.017737467506613e-13,85,207.03
1,0.5443615887885295,23,0.6
1,2.4717851776016294e-06,68,99.00999999999999
1,3.3568870779867184e-08,17,0.48
1,0.0005618529691926809,26,1.07
1,4.70304273604474e-05,20,0.6799999999999999
1,1.961798612919823e-10,65,23.130000000000003
1,0.11700761826675754,52,73.8
1,2.657374672890897e-06,30,0.86
1,6.778326094429482e-12,68,75.02
1,1.8812658222105794e-09,81,109.88
1,0.28499461955325,82,147.86
1,0.15499350012527568,85,206.45999999999998
1,3.8586898751919565e-07,98,401.22
1,0.0002629550695888369,91,282.5
1,0.021236371799459565,84,169.65
1,0.8459138635556915,85,279.61
1,0.0024206543208712657,83,106.79
1,0.00011468365871897311,91,254.11
1,2.936923907092112e-08,98,484.28000000000003
1,0.3992934972096951,89,228.84
1,0.001521200086256514,91,248.2
1,0.002381417116600822,92,279.86
1,0.3782040076938565,91,283.16999999999996
1,0.0005421483693824476,97,377.48
1,2.9019750439655425e-05,90,277.55
1,0.007776246171530905,91,193.34
1,0.0070814334196127185,80,123.11000000000001
1,0.0014334038035435036,79,121.55000000000001
1,0.0010907290672810379,101,464.41999999999996
1,0.22563047207837775,92,230.17000000000002
1,0.431709481498929,93,308.47
1,0.056044369426685246,67,25.05
1,0.009361973756349217,89,362.89
1,0.007658657114528403,86,211.01999999999998
1,0.1412061755184498,77,65.74000000000001
1,0.03777196605681613,92,306.15
1,0.7765634304834486,93,288.44
1,0.029208120380400947,90,233.97
1,4.9527553382087885e-08,92,232.51
1,0.1068341378787792,93,226.23999999999998
1,0.010017664811932558,97,374.49
1,0.01348416384290664,86,211.07999999999998
1,0.00011149204074301894,92,277.76
1,0.0019335828866286046,88,204.49
1,0.607370434643588,94,259.20000000000005
1,0.10585833421194163,98,375.33
1,0.04121757006579886,96,317.14
1,0.07300019238473865,85,182.92000000000002
1,0.002445997568988804,88,169.26
1,0.03645301464531701,98,317.51
1,0.4522517894256943,78,83.03999999999999
1,0.25687547292464197,84,118.36000000000001
1,0.10757566987987012,91,233.24
1,0.0008672507597644926,90,334.29
1,0.1454044413343439,83,93.32
1,0.0006141540168400777,93,305.4
1,0.00145148980898631,77,52.5
1,0.13802899015152306,85,141.35000000000002
1,0.09169903614498548,84,193.31
1,0.013188858062763984,99,379.38
1,0.024138270981184082,93,306.09
1,0.2657320549232404,100,379.75
1,0.1149759155289478,100,368.32
1,0.20580461725242813,93,278.88
1,0.2161478752357218,98,312.72
1,0.017425861320301595,94,374.87
1,0.13594624103669578,99,405.22
1,0.24023189673416515,95,304.01
1,0.0061876896024174455,96,315.54
1,0.00033379572868913416,91,228.25
1,0.7221805226073718,91,230.32
1,0.04805430959014985,93,305.61
1,0.011458061149688885,100,534.71
1,0.878932001655844,101,496.4
1,0.008759888703348359,90,197.9
1,0.4765397984898468,91,250.26
1,0.08911719974074585,97,311.68
1,0.00039295042954050607,99,346.09
1,0.37757795483860473,98,338.65999999999997
1,0.01697144046848016,98,340.21999999999997
1,0.17872629846768986,93,229.07000000000002
1,0.03672585820241527,96,345.65000000000003
1,0.7245041713105855,95,311.35
1,0.1087511224966288,97,308.77
1,0.020492605322493754,98,314.87
1,0.5996862849839479,95,312.1
1,0.15560506320006837,97,345.23
1,0.02457110848896824,82,121.28999999999999
1,0.09614174747642934,93,255.47
1,4.917402233653651e-05,47,4.49
1,0.09947765105920181,57,51.39
1,5.806242242420575e-10,76,188.81
1,4.836905862274871e-05,53,8.76
1,9.090526051200464e-05,36,2.46
1,2.948660934244986e-10,74,54.36
1,6.353502403160966e-05,27,1.5899999999999999
1,0.34810801186708995,40,4.05
1,5.417952010661341e-08,54,7.2
1,1.0512892998601796e-05,65,18.03
1,6.275483117791772e-10,64,72.35
1,0.3257110827262544,59,18.56
1,0.020052948000256966,42,3.84
1,0.001913133083516707,30,4.64
1,0.011473092772265533,61,92.23
1,1.1860856496892122e-06,33,3.3499999999999996
1,0.0890347154969594,50,21.49
1,9.089522739140215e-06,54,23.560000000000002
1,8.190918175264923e-13,60,8.82
1,0.00041625534341229603,54,15.309999999999999
1,1.7314650566096098e-06,25,0.76
1,3.544494803546263e-10,35,1.8
1,4.667126143971954e-09,68,44.82
1,2.967037773561712e-12,39,1.48
1,5.331152849188998e-06,49,10.129999999999999
1,7.47998569549771e-07,55,44.85
1,1.1009069653054106e-10,49,5.640000000000001
1,1.2000048171693786e-06,38,3.97
1,3.149976398187107e-05,27,0.77
1,0.005891140743040539,56,80.14
1,3.0664429261346023e-07,49,7.82
1,0.1613458650182981,68,102.75
1,3.4605427865414647e-06,49,5.15
1,0.00017316689022285468,64,248.69
1,9.466507732342278e-07,50,37.64
1,2.628253696311875e-10,49,21.72
1,3.598882166754991e-11,33,1.96
1,0.11874561276401824,23,0.84
1,5.246009789479085e-10,25,0.71
1,0.11002629115556559,32,1.45
1,0.09770890119426269,58,20.33
1,0.013165201290995502,85,150.77
1,3.133963194660348e-06,44,20.18
1,0.0009016793276054819,49,8.43
1,9.471281276243314e-06,50,62.0
1,9.077156535904795e-08,70,44.03
1,0.0009383534942406581,18,1.48
1,6.704185119946596e-12,66,55.17
1,2.5845300127327203e-10,67,16.76
1,2.5691462811781717e-12,82,101.02
1,0.002420794389010097,93,213.15
1,0.0001406614782254689,92,165.77
1,0.09015118377436354,88,168.82999999999998
1,0.003795105726193789,93,253.81
1,0.04373781022471172,98,233.73000000000002
1,0.028268568957975478,69,33.29
1,0.14558482023851887,73,60.08
1,0.00346719785970599,87,167.45
1,0.004466561367681179,89,107.12
1,5.788332180845625e-06,87,121.46
1,0.013964206356546712,95,316.76
1,0.022019124573060673,92,286.33
1,0.011192321990955927,89,212.95
1,0.150920551488381,93,258.49
1,0.00016194435001533762,81,84.75
1,0.02419973799979026,80,195.62
1,0.0021331327305810057,90,229.39
1,0.039855004136062744,94,316.40999999999997
1,0.004080079148778469,91,260.68
1,0.00021920487498529407,79,97.12
1,9.28682017539444e-06,90,191.85
1,0.0068187975716802,77,77.13999999999999
1,0.3227932179146322,71,34.57
1,0.00697073812920989,85,124.96000000000001
1,0.0002829209718996537,71,37.849999999999994
1,0.0005583352553396992,95,313.63
1,0.004542790815575717,88,153.72
1,3.4810585761937e-06,92,309.52
1,0.035842624224347794,79,95.49000000000001
1,0.1661905499214945,85,230.66
1,0.025721918490095516,83,151.73
1,1.7874095152074925e-05,66,15.879999999999999
1,0.0019515585427299538,97,422.4
1,0.0029942623090561883,91,189.17
1,0.030987950209989307,98,349.4
1,0.002283305737938118,93,307.58
1,0.003956195264390304,79,69.35
1,0.0011492867943633548,86,182.96
1,0.16314018054267443,92,262.09
1,6.042220614440512e-05,83,128.82999999999998
1,0.003215954689299934,82,82.44
1,0.29057870615798614,94,406.07
1,0.168843510627093,95,366.61
1,0.06389102901196442,92,318.1
1,0.0005444575060366352,86,185.79
1,0.017224956757290997,89,230.93
1,0.023631052436677676,93,312.76
1,0.1324547892263602,81,127.03
1,0.07044207248403615,96,373.35
1,0.0016827732216572369,90,213.3
1,0.09778740592274926,92,283.13
1,0.26428796676838656,96,380.88
1,0.011583079647631441,97,380.97
1,0.04004717956359725,99,412.89
1,0.14900481272951918,100,371.16
1,0.3686889198038403,98,373.46
1,0.013281060057062598,95,367.21
1,0.18719501648295156,97,307.25
1,0.3118035053235444,95,335.45
1,0.1453342998544362,99,405.66
1,0.5056135739238157,101,404.89
1,0.1551838610276873,98,406.48
1,0.2508737490896275,93,280.32
1,0.23040856955667496,99,376.49
1,0.17109021951588788,97,368.79
1,0.006389553124085545,98,408.46
1,0.22368113184230642,96,401.15999999999997
1,0.09359426349633018,94,283.09000000000003
1,0.010222762628313148,93,337.01
1,0.277584229651711,100,370.08000000000004
1,0.30806467861265174,92,251.93
1,0.030276182978894752,93,251.89
1,0.5649304629838849,95,278.42
1,0.3358290232694942,90,228.86
1,0.005703596003618421,92,227.12
1,0.2859261076679308,94,252.07
1,0.09990392405781526,105,587.28
1,0.15639293734733126,99,367.78999999999996
1,0.0010834862967517443,82,109.50999999999999
1,0.03677160272796919,90,228.74
1,0.13290989958319918,84,163.14999999999998
1,0.057620743498213,82,119.75999999999999
1,0.13120451207940756,105,581.9200000000001
1,0.20121768655475342,92,280.4
1,4.0705542419205215e-06,47,14.94
1,7.240542742452562e-06,60,48.870000000000005
1,0.0009412802969995685,34,14.83
1,0.023967950156951547,61,69.32000000000001
1,3.6608591825991945e-07,59,18.75
1,3.2515825198973875e-06,65,86.44
1,2.0964607216667225e-05,39,3.86
1,0.003378035351301561,61,38.16
1,7.339350719995238e-10,62,60.89
1,2.287987385291154e-07,40,2.27
1,0.014117711225407508,58,33.56
1,3.3543789482030604e-06,33,2.66
1,0.002109532041379977,55,18.78
1,2.9903141566056545e-06,46,11.91
1,0.0018159361295638286,44,11.14
1,1.937807805866941e-12,71,59.53
1,0.025542681720857534,20,0.96
1,0.8937746787781076,71,97.52
1,0.007504588078880344,80,87.5
1,4.79460392768498e-06,53,12.82
1,0.2210534828136297,45,7.3100000000000005
1,0.018065261702167837,31,1.88
1,2.8200890706671294e-06,50,9.68
1,1.0724514120283026e-05,24,2.49
1,2.1950578200790818e-08,27,2.71
1,3.182029913124671e-08,50,9.56
1,5.628274559148029e-06,61,15.38
1,1.0791238983298985e-09,50,7.45
1,1.1248711861864073e-07,33,3.1899999999999995
1,7.418689252557947e-05,36,3.11
1,0.44148545552293433,34,3.41
1,4.632129003307135e-07,32,3.64
1,5.125296628339871e-06,43,6.07
1,0.00591427695485061,37,2.8200000000000003
1,0.00023655577688051128,50,7.52
1,3.018348670479575e-13,58,12.76
1,9.437577995110384e-07,29,4.34
1,7.270104287931534e-10,56,9.6
1,2.21261552914602e-07,39,8.93
1,1.841682442390394e-08,60,12.190000000000001
1,0.0006260815147637476,55,8.379999999999999
1,3.058214593178852e-08,60,11.43
1,1.124977235467297e-05,59,12.59
1,0.016115922049893233,62,13.91
1,0.01635975184484695,63,13.89
1,0.010222392521980093,62,13.32
1,0.14084021476237227,60,14.08
1,0.003563251307723915,58,12.61
1,0.002387342381451763,56,11.26
1,0.0006939123388486453,65,16.64
1,0.00021020192805895252,63,14.43
1,0.1652678783774344,53,11.38
1,0.12953822724151215,64,15.52
1,0.003020722037545921,58,11.190000000000001
1,5.221538082438964e-07,62,14.57
1,0.019607408498006046,60,11.8
1,0.0012676047258597175,58,11.61
1,0.032922304605749415,64,16.3
1,0.011128543003414858,60,11.530000000000001
1,0.0010655685103358912,59,11.81
1,0.016405474558800266,61,13.01
1,0.18250932336457884,65,15.870000000000001
1,0.15409205503595677,64,14.41
1,0.3194470221141406,63,13.69
1,0.17469183110362313,63,15.299999999999999
1,0.03922291028838284,65,15.989999999999998
1,0.016178937813086935,65,16.65
1,0.1418476336741413,63,13.62
1,0.0008950142582105389,65,16.03
1,0.12001048284906281,61,13.28
1,0.02011777435619594,65,16.15
1,0.012836376787695324,64,14.75
1,0.028523851775696298,62,13.89
1,0.0991754292718121,61,13.1
1,0.40291994942895737,64,16.67
1,0.3345010602221124,63,14.309999999999999
1,0.004250512424477252,62,13.629999999999999
1,0.2080647918583161,64,16.03
1,0.056511012084371016,62,14.510000000000002
1,0.024931635624800053,63,12.68
1,0.2993996715308842,65,17.18
1,0.5829306335883468,64,12.74
1,0.22980628259888253,65,14.89
1,0.38572137616499264,63,12.42
1,0.07449563341122203,64,13.649999999999999
1,0.6168876202662665,65,13.52
1,0.20887997671186553,65,13.96
1,0.42542017709114666,65,13.97
1,0.2418495329133058,64,14.34
1,0.001419847078878627,64,12.52
1,1.11228916222053e-08,63,28.990000000000002
1,3.085933365201034e-07,52,7.109999999999999
1,2.565890473508705e-10,53,11.32
1,0.2531454539452116,49,9.33
1,0.003919666926595584,39,4.42
1,1.7944405308583507e-10,68,46.83
1,5.362769373945321e-06,60,37.02
1,1.3118729733815277e-07,53,22.200000000000003
1,2.9633724398309946e-09,55,11.71
1,4.3303743566852236e-12,47,7.630000000000001
1,0.021124153549359884,19,0.77
1,0.0025859439004679474,31,1.33
1,0.11068100291348214,46,5.609999999999999
1,1.2938802282099837e-05,52,5.18
1,7.0748214039392836e-06,72,31.6
1,0.0009610344828360085,75,89.78
1,5.933885235275756e-13,45,6.11
1,0.056974678189128075,34,1.42
1,0.009616960383670345,78,81.0
1,0.0005239524367964582,85,103.81
